{"type":"FeatureCollection","features":[{"type":"Feature","properties":{"id":"orleans-south","name_en":"Orléans South","name_fr":"Orléans-Sud","desc_en":"North on Portobello and Trim Road, then the Ottawa River Pathway west","desc_fr":"Vers le nord par Portobello et le chemin Trim, puis le sentier de la rivière des Outaouais vers l’ouest","color":"#800000","distance_km":30.4,"minutes":107,"carfree_pct":71,"safety":"road","stop_minutes":5,"signals":25},"geometry":{"type":"LineString","coordinates":[[-75.4636,45.45412],[-75.46361,45.45415],[-75.4642,45.45398]]}},{"type":"Feature","properties":{"id":"orleans-south","name_en":"Orléans South","name_fr":"Orléans-Sud","desc_en":"North on Portobello and Trim Road, then the Ottawa River Pathway west","desc_fr":"Vers le nord par Portobello et le chemin Trim, puis le sentier de la rivière des Outaouais vers l’ouest","color":"#800000","distance_km":30.4,"minutes":107,"carfree_pct":71,"safety":"carfree","stop_minutes":5,"signals":25},"geometry":{"type":"LineString","coordinates":[[-75.4642,45.45398],[-75.46433,45.45409],[-75.46444,45.4542],[-75.46446,45.45422],[-75.46449,45.45432],[-75.46455,45.45444],[-75.46459,45.45448],[-75.46465,45.45453],[-75.46462,45.45456],[-75.46458,45.4546],[-75.46452,45.45463],[-75.46454,45.45465]]}},{"type":"Feature","properties":{"id":"orleans-south","name_en":"Orléans South","name_fr":"Orléans-Sud","desc_en":"North on Portobello and Trim Road, then the Ottawa River Pathway west","desc_fr":"Vers le nord par Portobello et le chemin Trim, puis le sentier de la rivière des Outaouais vers l’ouest","color":"#800000","distance_km":30.4,"minutes":107,"carfree_pct":71,"safety":"road","stop_minutes":5,"signals":25},"geometry":{"type":"LineString","coordinates":[[-75.46454,45.45465],[-75.46456,45.45467],[-75.46457,45.45468],[-75.46458,45.45469],[-75.46463,45.45477],[-75.46463,45.45479],[-75.46463,45.45482]]}},{"type":"Feature","properties":{"id":"orleans-south","name_en":"Orléans South","name_fr":"Orléans-Sud","desc_en":"North on Portobello and Trim Road, then the Ottawa River Pathway west","desc_fr":"Vers le nord par Portobello et le chemin Trim, puis le sentier de la rivière des Outaouais vers l’ouest","color":"#800000","distance_km":30.4,"minutes":107,"carfree_pct":71,"safety":"carfree","stop_minutes":5,"signals":25},"geometry":{"type":"LineString","coordinates":[[-75.46463,45.45482],[-75.46463,45.45484],[-75.46466,45.45484],[-75.46475,45.45486],[-75.46481,45.45489],[-75.4649,45.45494],[-75.46495,45.45499],[-75.46497,45.45501],[-75.46513,45.45506]]}},{"type":"Feature","properties":{"id":"orleans-south","name_en":"Orléans South","name_fr":"Orléans-Sud","desc_en":"North on Portobello and Trim Road, then the Ottawa River Pathway west","desc_fr":"Vers le nord par Portobello et le chemin Trim, puis le sentier de la rivière des Outaouais vers l’ouest","color":"#800000","distance_km":30.4,"minutes":107,"carfree_pct":71,"safety":"lane","stop_minutes":5,"signals":25},"geometry":{"type":"LineString","coordinates":[[-75.46513,45.45506],[-75.46569,45.45603],[-75.46573,45.4561],[-75.46594,45.45649],[-75.466,45.45664],[-75.46604,45.45682],[-75.46605,45.4569],[-75.46605,45.45699],[-75.46603,45.45721],[-75.46597,45.45743],[-75.46594,45.45753],[-75.46589,45.45763],[-75.46559,45.45823],[-75.46519,45.45905],[-75.46509,45.45936],[-75.46508,45.45939],[-75.46507,45.45947],[-75.46507,45.45954],[-75.46509,45.45982],[-75.46516,45.46013],[-75.46527,45.46048],[-75.46536,45.46076],[-75.46559,45.46139],[-75.46601,45.46235],[-75.46613,45.4626],[-75.46614,45.46263],[-75.46618,45.4627],[-75.46621,45.46277],[-75.4663,45.46299],[-75.46637,45.46321],[-75.46643,45.46346],[-75.46645,45.46372],[-75.46645,45.46402],[-75.46644,45.46412],[-75.46641,45.4643],[-75.46633,45.46458],[-75.4663,45.46469],[-75.46624,45.46483],[-75.46603,45.46531],[-75.46585,45.46576],[-75.4658,45.46593],[-75.46578,45.46602],[-75.46576,45.46621],[-75.46577,45.46631],[-75.46581,45.46654],[-75.46584,45.46667],[-75.46589,45.46678],[-75.46607,45.46714],[-75.4661,45.46719],[-75.46613,45.46727],[-75.46619,45.46738],[-75.46624,45.46747],[-75.46655,45.46798],[-75.46668,45.46816],[-75.46686,45.46845],[-75.46707,45.46879],[-75.4672,45.46902],[-75.46735,45.46923],[-75.46738,45.46928],[-75.46745,45.46935],[-75.46751,45.46941],[-75.46774,45.46964],[-75.46793,45.46981],[-75.46801,45.46986],[-75.46819,45.46999],[-75.46857,45.47026],[-75.46868,45.47034],[-75.4688,45.47045],[-75.46901,45.47064],[-75.46929,45.47095],[-75.46933,45.471],[-75.4694,45.47109],[-75.46944,45.47116],[-75.46958,45.47138],[-75.46972,45.47162],[-75.46979,45.47176],[-75.46989,45.47204],[-75.46998,45.47231],[-75.47007,45.4728]]}},{"type":"Feature","properties":{"id":"orleans-south","name_en":"Orléans South","name_fr":"Orléans-Sud","desc_en":"North on Portobello and Trim Road, then the Ottawa River Pathway west","desc_fr":"Vers le nord par Portobello et le chemin Trim, puis le sentier de la rivière des Outaouais vers l’ouest","color":"#800000","distance_km":30.4,"minutes":107,"carfree_pct":71,"safety":"road","stop_minutes":5,"signals":25},"geometry":{"type":"LineString","coordinates":[[-75.47007,45.4728],[-75.47008,45.47297],[-75.47008,45.47336],[-75.47007,45.47352],[-75.47002,45.47371],[-75.46996,45.47388],[-75.46985,45.47411],[-75.46981,45.47428],[-75.4698,45.47434],[-75.46976,45.47438],[-75.46971,45.47444],[-75.46966,45.47445],[-75.46961,45.47448],[-75.46957,45.47453],[-75.46956,45.47458],[-75.46957,45.47464],[-75.46959,45.47467],[-75.46958,45.47487],[-75.46953,45.47501],[-75.46945,45.47518],[-75.46935,45.47534],[-75.46923,45.4755],[-75.46911,45.47563]]}},{"type":"Feature","properties":{"id":"orleans-south","name_en":"Orléans South","name_fr":"Orléans-Sud","desc_en":"North on Portobello and Trim Road, then the Ottawa River Pathway west","desc_fr":"Vers le nord par Portobello et le chemin Trim, puis le sentier de la rivière des Outaouais vers l’ouest","color":"#800000","distance_km":30.4,"minutes":107,"carfree_pct":71,"safety":"lane","stop_minutes":5,"signals":25},"geometry":{"type":"LineString","coordinates":[[-75.46911,45.47563],[-75.46896,45.47576],[-75.46882,45.47588],[-75.46862,45.47601],[-75.46838,45.47616],[-75.46794,45.4764],[-75.46731,45.47671],[-75.46608,45.47739],[-75.46597,45.47745],[-75.46557,45.4777],[-75.46542,45.47781],[-75.46533,45.47788],[-75.46511,45.47808],[-75.46509,45.47811],[-75.46499,45.47821]]}},{"type":"Feature","properties":{"id":"orleans-south","name_en":"Orléans South","name_fr":"Orléans-Sud","desc_en":"North on Portobello and Trim Road, then the Ottawa River Pathway west","desc_fr":"Vers le nord par Portobello et le chemin Trim, puis le sentier de la rivière des Outaouais vers l’ouest","color":"#800000","distance_km":30.4,"minutes":107,"carfree_pct":71,"safety":"road","stop_minutes":5,"signals":25},"geometry":{"type":"LineString","coordinates":[[-75.46499,45.47821],[-75.4649,45.47831]]}},{"type":"Feature","properties":{"id":"orleans-south","name_en":"Orléans South","name_fr":"Orléans-Sud","desc_en":"North on Portobello and Trim Road, then the Ottawa River Pathway west","desc_fr":"Vers le nord par Portobello et le chemin Trim, puis le sentier de la rivière des Outaouais vers l’ouest","color":"#800000","distance_km":30.4,"minutes":107,"carfree_pct":71,"safety":"lane","stop_minutes":5,"signals":25},"geometry":{"type":"LineString","coordinates":[[-75.4649,45.47831],[-75.46502,45.47836],[-75.46517,45.47843],[-75.46572,45.47872],[-75.46783,45.47996],[-75.46897,45.48062],[-75.47009,45.48127],[-75.47024,45.48135],[-75.47072,45.48166],[-75.47119,45.48197],[-75.47164,45.48229],[-75.47217,45.4827],[-75.47246,45.48293],[-75.47305,45.48346],[-75.47333,45.48373],[-75.47359,45.48399],[-75.47369,45.4841],[-75.47377,45.48418],[-75.47403,45.48445],[-75.47422,45.48467],[-75.47466,45.48522],[-75.47715,45.48839],[-75.4773,45.48855]]}},{"type":"Feature","properties":{"id":"orleans-south","name_en":"Orléans South","name_fr":"Orléans-Sud","desc_en":"North on Portobello and Trim Road, then the Ottawa River Pathway west","desc_fr":"Vers le nord par Portobello et le chemin Trim, puis le sentier de la rivière des Outaouais vers l’ouest","color":"#800000","distance_km":30.4,"minutes":107,"carfree_pct":71,"safety":"road","stop_minutes":5,"signals":25},"geometry":{"type":"LineString","coordinates":[[-75.4773,45.48855],[-75.47743,45.48867],[-75.47746,45.48872],[-75.4775,45.48883],[-75.4775,45.48891],[-75.47748,45.48895],[-75.47748,45.48899],[-75.47749,45.48904],[-75.47751,45.48908],[-75.47755,45.48912],[-75.47761,45.48914],[-75.47779,45.48929],[-75.47783,45.48932]]}},{"type":"Feature","properties":{"id":"orleans-south","name_en":"Orléans South","name_fr":"Orléans-Sud","desc_en":"North on Portobello and Trim Road, then the Ottawa River Pathway west","desc_fr":"Vers le nord par Portobello et le chemin Trim, puis le sentier de la rivière des Outaouais vers l’ouest","color":"#800000","distance_km":30.4,"minutes":107,"carfree_pct":71,"safety":"lane","stop_minutes":5,"signals":25},"geometry":{"type":"LineString","coordinates":[[-75.47783,45.48932],[-75.47798,45.48948],[-75.47822,45.48978],[-75.4786,45.49028],[-75.47925,45.49116],[-75.47933,45.49125]]}},{"type":"Feature","properties":{"id":"orleans-south","name_en":"Orléans South","name_fr":"Orléans-Sud","desc_en":"North on Portobello and Trim Road, then the Ottawa River Pathway west","desc_fr":"Vers le nord par Portobello et le chemin Trim, puis le sentier de la rivière des Outaouais vers l’ouest","color":"#800000","distance_km":30.4,"minutes":107,"carfree_pct":71,"safety":"carfree","stop_minutes":5,"signals":25},"geometry":{"type":"LineString","coordinates":[[-75.47933,45.49125],[-75.47939,45.49138],[-75.47943,45.49144],[-75.47945,45.49149],[-75.47946,45.49155],[-75.47946,45.49161],[-75.47943,45.49166],[-75.47932,45.49175],[-75.47914,45.49185],[-75.47858,45.49204],[-75.47844,45.4921],[-75.47831,45.49217],[-75.47807,45.49233],[-75.47801,45.49238],[-75.47784,45.49256],[-75.47775,45.49269],[-75.47768,45.49281],[-75.47764,45.49292],[-75.47761,45.49304],[-75.47759,45.49319],[-75.47759,45.49334],[-75.47762,45.49348],[-75.47766,45.49359],[-75.47784,45.49397],[-75.47791,45.49409],[-75.47805,45.49423],[-75.47808,45.49428],[-75.47815,45.4944],[-75.47822,45.49454],[-75.47828,45.49481],[-75.47828,45.4949],[-75.47826,45.49498],[-75.47825,45.49501],[-75.47825,45.49504],[-75.47824,45.49509],[-75.47823,45.49516],[-75.47823,45.49522],[-75.47826,45.49547],[-75.47828,45.49562],[-75.47833,45.49575],[-75.47841,45.4959],[-75.47851,45.49606],[-75.47865,45.49624],[-75.47875,45.49634],[-75.47884,45.49646],[-75.47886,45.49654],[-75.47887,45.49667],[-75.47893,45.49668],[-75.47899,45.49668],[-75.47904,45.49668],[-75.47907,45.49669],[-75.47911,45.49672],[-75.47916,45.49676],[-75.47928,45.49686],[-75.47937,45.49693],[-75.47951,45.49704],[-75.47954,45.49707],[-75.47967,45.49716],[-75.47968,45.4972],[-75.47967,45.49725],[-75.47967,45.49729],[-75.4797,45.49732],[-75.47973,45.49733],[-75.47981,45.49733],[-75.47993,45.49734],[-75.48002,45.49737],[-75.48017,45.49746],[-75.4803,45.49754],[-75.48054,45.49772],[-75.48073,45.49787],[-75.48078,45.49792],[-75.48083,45.49803],[-75.48087,45.49807],[-75.48092,45.49811],[-75.481,45.49813],[-75.48112,45.49805]]}},{"type":"Feature","properties":{"id":"orleans-south","name_en":"Orléans South","name_fr":"Orléans-Sud","desc_en":"North on Portobello and Trim Road, then the Ottawa River Pathway west","desc_fr":"Vers le nord par Portobello et le chemin Trim, puis le sentier de la rivière des Outaouais vers l’ouest","color":"#800000","distance_km":30.4,"minutes":107,"carfree_pct":71,"safety":"road","stop_minutes":5,"signals":25},"geometry":{"type":"LineString","coordinates":[[-75.48112,45.49805],[-75.48112,45.49805]]}},{"type":"Feature","properties":{"id":"orleans-south","name_en":"Orléans South","name_fr":"Orléans-Sud","desc_en":"North on Portobello and Trim Road, then the Ottawa River Pathway west","desc_fr":"Vers le nord par Portobello et le chemin Trim, puis le sentier de la rivière des Outaouais vers l’ouest","color":"#800000","distance_km":30.4,"minutes":107,"carfree_pct":71,"safety":"carfree","stop_minutes":5,"signals":25},"geometry":{"type":"LineString","coordinates":[[-75.48112,45.49805],[-75.48124,45.49797],[-75.48181,45.49763],[-75.48212,45.49747],[-75.48241,45.49734],[-75.48301,45.49711],[-75.48306,45.49708],[-75.48318,45.49705]]}},{"type":"Feature","properties":{"id":"orleans-south","name_en":"Orléans South","name_fr":"Orléans-Sud","desc_en":"North on Portobello and Trim Road, then the Ottawa River Pathway west","desc_fr":"Vers le nord par Portobello et le chemin Trim, puis le sentier de la rivière des Outaouais vers l’ouest","color":"#800000","distance_km":30.4,"minutes":107,"carfree_pct":71,"safety":"lane","stop_minutes":5,"signals":25},"geometry":{"type":"LineString","coordinates":[[-75.48318,45.49705],[-75.48323,45.49714]]}},{"type":"Feature","properties":{"id":"orleans-south","name_en":"Orléans South","name_fr":"Orléans-Sud","desc_en":"North on Portobello and Trim Road, then the Ottawa River Pathway west","desc_fr":"Vers le nord par Portobello et le chemin Trim, puis le sentier de la rivière des Outaouais vers l’ouest","color":"#800000","distance_km":30.4,"minutes":107,"carfree_pct":71,"safety":"road","stop_minutes":5,"signals":25},"geometry":{"type":"LineString","coordinates":[[-75.48323,45.49714],[-75.48328,45.49723]]}},{"type":"Feature","properties":{"id":"orleans-south","name_en":"Orléans South","name_fr":"Orléans-Sud","desc_en":"North on Portobello and Trim Road, then the Ottawa River Pathway west","desc_fr":"Vers le nord par Portobello et le chemin Trim, puis le sentier de la rivière des Outaouais vers l’ouest","color":"#800000","distance_km":30.4,"minutes":107,"carfree_pct":71,"safety":"carfree","stop_minutes":5,"signals":25},"geometry":{"type":"LineString","coordinates":[[-75.48328,45.49723],[-75.48389,45.49708],[-75.48542,45.49673],[-75.48553,45.49669],[-75.48585,45.4966],[-75.48738,45.49635],[-75.48775,45.49626],[-75.48853,45.49609],[-75.48873,45.49604],[-75.48935,45.49586],[-75.48999,45.49568],[-75.49015,45.49563],[-75.4903,45.49557],[-75.49046,45.4955],[-75.49068,45.49537],[-75.49088,45.49529],[-75.49126,45.49513],[-75.49145,45.49503],[-75.49231,45.49445],[-75.49268,45.49418],[-75.49302,45.49395],[-75.49322,45.49385],[-75.49367,45.49367],[-75.49384,45.49359],[-75.49393,45.49354],[-75.49407,45.49346],[-75.49416,45.49338],[-75.49425,45.49326],[-75.49429,45.49321],[-75.49436,45.49317],[-75.49472,45.493],[-75.49506,45.49286],[-75.49604,45.49242],[-75.49633,45.49229],[-75.49648,45.49221],[-75.4968,45.49205],[-75.49698,45.49199],[-75.49721,45.49192],[-75.4974,45.49185],[-75.4975,45.49179],[-75.49791,45.49161],[-75.49879,45.49132],[-75.49936,45.49117],[-75.49996,45.49106],[-75.50016,45.49103],[-75.50103,45.49101],[-75.50155,45.49096],[-75.50188,45.49096],[-75.50242,45.49098],[-75.50273,45.49098],[-75.50308,45.49096],[-75.50346,45.49091],[-75.50385,45.49086],[-75.50403,45.49081],[-75.50413,45.49078],[-75.50427,45.4907],[-75.5045,45.49056],[-75.50473,45.49038],[-75.5049,45.4903],[-75.50501,45.49027],[-75.50509,45.49026],[-75.50525,45.49026],[-75.5053,45.49025],[-75.50539,45.4902],[-75.50563,45.49005],[-75.5057,45.49002],[-75.50588,45.48996],[-75.5063,45.48996],[-75.50646,45.49003],[-75.50661,45.49009],[-75.50671,45.49011],[-75.50688,45.49012],[-75.50777,45.49018],[-75.50822,45.49022],[-75.50867,45.49022],[-75.50925,45.49022],[-75.50978,45.49021],[-75.51012,45.49021],[-75.51027,45.49021],[-75.51047,45.49021],[-75.51151,45.4902],[-75.51174,45.4902],[-75.51197,45.49018],[-75.51214,45.49016],[-75.51244,45.49013],[-75.51256,45.49011],[-75.51275,45.49009],[-75.51315,45.49002],[-75.51377,45.4899],[-75.51404,45.48984],[-75.51456,45.48968],[-75.5148,45.48963],[-75.5152,45.48955],[-75.51536,45.48953],[-75.51554,45.48951],[-75.51588,45.48946],[-75.51617,45.48944],[-75.51645,45.48942],[-75.51672,45.4894],[-75.51705,45.48938],[-75.51713,45.48938],[-75.51744,45.48937],[-75.51766,45.48937],[-75.51785,45.4894],[-75.51802,45.48943],[-75.51817,45.48947],[-75.51834,45.48951],[-75.51858,45.4896],[-75.51871,45.48969],[-75.51886,45.48982],[-75.51892,45.48985],[-75.51899,45.48987],[-75.51909,45.48989],[-75.51949,45.48992],[-75.51989,45.48992],[-75.52009,45.48989],[-75.52031,45.48983],[-75.52091,45.48972],[-75.52159,45.48955],[-75.52212,45.48942],[-75.52231,45.48936],[-75.52248,45.48928],[-75.52255,45.48923],[-75.52273,45.48898],[-75.52274,45.48891],[-75.52273,45.48884],[-75.52269,45.48876],[-75.52266,45.48866],[-75.52267,45.48862],[-75.5227,45.4886],[-75.52288,45.48862],[-75.52307,45.48866],[-75.52317,45.48867],[-75.52322,45.48866],[-75.5234,45.48859],[-75.5237,45.48846],[-75.52396,45.48836],[-75.52429,45.48826],[-75.52454,45.4882],[-75.52487,45.4881],[-75.5258,45.48778],[-75.52628,45.48764],[-75.52656,45.48754],[-75.5274,45.48727],[-75.52754,45.48724],[-75.52766,45.4872],[-75.52792,45.48715],[-75.52843,45.48711],[-75.52987,45.48704],[-75.5301,45.48704],[-75.53029,45.48706],[-75.53078,45.48714],[-75.53091,45.48716],[-75.53124,45.48716],[-75.5314,45.48716],[-75.53158,45.48713],[-75.53176,45.48708],[-75.53226,45.48688],[-75.53243,45.48677],[-75.5326,45.48658],[-75.53272,45.4865],[-75.5329,45.48641],[-75.53329,45.48624],[-75.53336,45.48621],[-75.53344,45.4862],[-75.53371,45.48621],[-75.53382,45.4862],[-75.5339,45.48619],[-75.53418,45.48611],[-75.5345,45.48601],[-75.53471,45.48597],[-75.53492,45.4859],[-75.53504,45.48583],[-75.53514,45.48576],[-75.53525,45.48567],[-75.53581,45.48509],[-75.5359,45.48503],[-75.53596,45.48501],[-75.53697,45.48484],[-75.53722,45.4848],[-75.53743,45.48476],[-75.53831,45.48456],[-75.53852,45.4845],[-75.5391,45.48437],[-75.53941,45.48431],[-75.53993,45.48422],[-75.54142,45.48391],[-75.54168,45.48382],[-75.54188,45.48372],[-75.54255,45.48343],[-75.54259,45.48342],[-75.54277,45.48335],[-75.54287,45.4833],[-75.54309,45.48316],[-75.54339,45.48286],[-75.54348,45.48278],[-75.54443,45.48223],[-75.54458,45.48217],[-75.54471,45.48214],[-75.54479,45.48214],[-75.54519,45.48216],[-75.5454,45.48215],[-75.54552,45.48214],[-75.5456,45.48211],[-75.54582,45.48204],[-75.5461,45.48192],[-75.54644,45.48173],[-75.54689,45.48137],[-75.54706,45.48125],[-75.54711,45.48123]]}},{"type":"Feature","properties":{"id":"orleans-south","name_en":"Orléans South","name_fr":"Orléans-Sud","desc_en":"North on Portobello and Trim Road, then the Ottawa River Pathway west","desc_fr":"Vers le nord par Portobello et le chemin Trim, puis le sentier de la rivière des Outaouais vers l’ouest","color":"#800000","distance_km":30.4,"minutes":107,"carfree_pct":71,"safety":"road","stop_minutes":5,"signals":25},"geometry":{"type":"LineString","coordinates":[[-75.54711,45.48123],[-75.54741,45.48178],[-75.54746,45.48187],[-75.54784,45.48256],[-75.54791,45.48263],[-75.548,45.48266],[-75.54808,45.48266],[-75.54818,45.48264],[-75.54886,45.48234],[-75.54912,45.48224],[-75.54978,45.48196],[-75.54991,45.48191],[-75.55069,45.48158],[-75.55118,45.48138],[-75.5516,45.48119],[-75.55254,45.4808],[-75.55266,45.48074]]}},{"type":"Feature","properties":{"id":"orleans-south","name_en":"Orléans South","name_fr":"Orléans-Sud","desc_en":"North on Portobello and Trim Road, then the Ottawa River Pathway west","desc_fr":"Vers le nord par Portobello et le chemin Trim, puis le sentier de la rivière des Outaouais vers l’ouest","color":"#800000","distance_km":30.4,"minutes":107,"carfree_pct":71,"safety":"carfree","stop_minutes":5,"signals":25},"geometry":{"type":"LineString","coordinates":[[-75.55266,45.48074],[-75.55314,45.48051],[-75.55401,45.48015],[-75.55427,45.48007],[-75.55452,45.48],[-75.55516,45.47983],[-75.55652,45.47936],[-75.55684,45.4793],[-75.55706,45.47924],[-75.55737,45.47912],[-75.55872,45.47857],[-75.55925,45.47828],[-75.55963,45.47805],[-75.55973,45.478],[-75.56047,45.47777],[-75.56071,45.47767],[-75.56109,45.47746],[-75.5615,45.47717],[-75.56172,45.47708],[-75.56243,45.47687],[-75.56283,45.47671],[-75.56327,45.47652],[-75.56341,45.47648],[-75.56363,45.47645],[-75.56388,45.47643],[-75.56431,45.47644],[-75.56462,45.47641],[-75.56538,45.47623],[-75.56569,45.47612],[-75.5662,45.47588],[-75.56645,45.47574],[-75.56692,45.47537],[-75.56735,45.47514],[-75.56749,45.47504],[-75.56759,45.4749],[-75.56762,45.47482],[-75.56763,45.47472],[-75.56762,45.47468],[-75.56758,45.47451],[-75.56744,45.47407],[-75.56741,45.47396],[-75.56741,45.47382],[-75.56743,45.47355],[-75.56756,45.47288],[-75.56757,45.47275],[-75.56755,45.47258],[-75.56752,45.47245],[-75.56738,45.47214],[-75.56727,45.47191],[-75.56695,45.4714],[-75.5665,45.4708],[-75.56608,45.47035],[-75.56597,45.4702],[-75.56593,45.47013],[-75.56592,45.47006],[-75.56593,45.46997],[-75.56597,45.46986],[-75.566,45.46977],[-75.56607,45.46969],[-75.56617,45.46959],[-75.56629,45.46953],[-75.56659,45.46945],[-75.56675,45.46939],[-75.5669,45.46931],[-75.56702,45.46918],[-75.56704,45.46909],[-75.56704,45.46896],[-75.56691,45.46862],[-75.56692,45.46849],[-75.56697,45.46839],[-75.56705,45.46832],[-75.56725,45.46822],[-75.56736,45.46818],[-75.56745,45.46817],[-75.56754,45.46816],[-75.56774,45.46818],[-75.56785,45.46821],[-75.56799,45.46827],[-75.56807,45.46833],[-75.56812,45.46841],[-75.56813,45.4685],[-75.56804,45.46874],[-75.56804,45.46881],[-75.56807,45.46889],[-75.56814,45.46894],[-75.56829,45.469],[-75.5686,45.46907],[-75.5688,45.46915],[-75.569,45.46932],[-75.56937,45.46977],[-75.57,45.47014],[-75.57024,45.47026],[-75.57049,45.47036],[-75.57079,45.47044],[-75.57159,45.47054],[-75.57223,45.47058],[-75.57243,45.47055],[-75.57258,45.47055],[-75.5727,45.47056],[-75.57284,45.47059],[-75.57322,45.47065],[-75.57364,45.4707],[-75.57424,45.47075],[-75.57436,45.47076],[-75.57443,45.47077],[-75.57451,45.47081],[-75.57458,45.47086],[-75.57468,45.47096],[-75.57478,45.47099],[-75.57503,45.47105],[-75.57513,45.47106],[-75.57526,45.4711],[-75.57536,45.47114],[-75.57549,45.47123],[-75.57575,45.4712],[-75.57591,45.47118],[-75.576,45.47115],[-75.57624,45.47104],[-75.57659,45.47095],[-75.57689,45.47082],[-75.57704,45.47074],[-75.57714,45.47072],[-75.57738,45.47068],[-75.57751,45.47065],[-75.5776,45.47062],[-75.5779,45.47048],[-75.57808,45.4704],[-75.57854,45.47022],[-75.57867,45.47014],[-75.57876,45.47006],[-75.57903,45.46985],[-75.57911,45.46981],[-75.57948,45.46963],[-75.57979,45.4695],[-75.57992,45.46946],[-75.58004,45.46942],[-75.58023,45.46939],[-75.58031,45.46937],[-75.58038,45.46933],[-75.58077,45.46903],[-75.58094,45.46887],[-75.58105,45.46878],[-75.58116,45.46871],[-75.58138,45.46858],[-75.58146,45.46853],[-75.5816,45.46841],[-75.58185,45.46831],[-75.58207,45.46821],[-75.58216,45.46819],[-75.58239,45.46818],[-75.58248,45.46817],[-75.5826,45.46813],[-75.58267,45.46817],[-75.58276,45.46819],[-75.58287,45.46818],[-75.58331,45.46814],[-75.58341,45.46812],[-75.58352,45.46813],[-75.58371,45.46802],[-75.58452,45.46752],[-75.58476,45.46739],[-75.58503,45.46727],[-75.58548,45.46711],[-75.58568,45.46706],[-75.5865,45.46694],[-75.58671,45.46688],[-75.58688,45.46683],[-75.58703,45.46675],[-75.58739,45.46644],[-75.58766,45.46632],[-75.5879,45.4662],[-75.58801,45.46613],[-75.58826,45.46598],[-75.58838,45.46593],[-75.58846,45.46591],[-75.58856,45.46591],[-75.58875,45.46593],[-75.5889,45.46597],[-75.5893,45.46604],[-75.58943,45.46605],[-75.58956,45.46604],[-75.58967,45.46603],[-75.59043,45.46586],[-75.59055,45.46584],[-75.59107,45.4658],[-75.59131,45.46577],[-75.59164,45.4657],[-75.59182,45.46565],[-75.59204,45.46557],[-75.59222,45.46552],[-75.59244,45.4655],[-75.59267,45.4655],[-75.59289,45.46547],[-75.59304,45.46547],[-75.59348,45.46552],[-75.59365,45.46553],[-75.59396,45.46553],[-75.59428,45.46551],[-75.59454,45.46551],[-75.59494,45.46552],[-75.59627,45.46548],[-75.59647,45.46547],[-75.59691,45.46537],[-75.59705,45.46535],[-75.59814,45.46524],[-75.5985,45.46522],[-75.59892,45.46517],[-75.60082,45.46496],[-75.60228,45.4649],[-75.60254,45.46487],[-75.60304,45.46486],[-75.60332,45.46484],[-75.60367,45.46482],[-75.60434,45.46481],[-75.60663,45.46459],[-75.60689,45.46454],[-75.60695,45.46452],[-75.60732,45.46441],[-75.60749,45.46439],[-75.60791,45.46442],[-75.60924,45.46441],[-75.60969,45.46438],[-75.61001,45.46436],[-75.61058,45.46428],[-75.61124,45.46414],[-75.61197,45.46404],[-75.6124,45.46395],[-75.61279,45.46387],[-75.61543,45.46348],[-75.6168,45.46334],[-75.6173,45.46327],[-75.61767,45.46322],[-75.61807,45.46318],[-75.61845,45.46318],[-75.61908,45.46312],[-75.61967,45.46312],[-75.62038,45.46307],[-75.62093,45.46306],[-75.62197,45.46295],[-75.62236,45.46292],[-75.62286,45.46293],[-75.6235,45.46294],[-75.624,45.46299],[-75.62418,45.46301],[-75.62474,45.46313],[-75.62496,45.46312],[-75.62514,45.46309],[-75.62539,45.46301],[-75.62548,45.463],[-75.62559,45.463],[-75.62567,45.46301],[-75.62668,45.46322],[-75.62708,45.46327],[-75.62736,45.46329],[-75.62748,45.4633],[-75.62802,45.46332],[-75.62885,45.46334],[-75.63007,45.46342],[-75.63095,45.46346],[-75.63123,45.46346],[-75.63126,45.46344],[-75.63148,45.46339],[-75.63172,45.46328],[-75.63184,45.46321],[-75.63191,45.46315],[-75.63195,45.46307],[-75.63196,45.463],[-75.63197,45.46292],[-75.63197,45.46286],[-75.63196,45.46276],[-75.63189,45.46267],[-75.6317,45.46253],[-75.63132,45.46237],[-75.63121,45.4623],[-75.63099,45.46223],[-75.63062,45.4622],[-75.6305,45.46216],[-75.63043,45.4621],[-75.63041,45.46203],[-75.63042,45.46193],[-75.63048,45.46183],[-75.63105,45.46131],[-75.63145,45.46101],[-75.63175,45.46082],[-75.63177,45.4608],[-75.63185,45.46072],[-75.6319,45.46062],[-75.63193,45.4605],[-75.63193,45.46037],[-75.63189,45.4602],[-75.63184,45.46],[-75.63183,45.45988],[-75.63185,45.45983],[-75.63188,45.45978],[-75.63196,45.45976],[-75.63202,45.45975],[-75.63245,45.4598],[-75.63269,45.45979],[-75.6329,45.45976],[-75.63335,45.45967],[-75.63348,45.45967],[-75.63381,45.45976],[-75.63394,45.45977],[-75.63402,45.45975],[-75.6341,45.4597],[-75.63418,45.45962],[-75.63429,45.45955],[-75.63444,45.45953],[-75.63464,45.45946],[-75.63474,45.45943],[-75.63483,45.45942],[-75.63495,45.45945],[-75.63514,45.45951],[-75.6352,45.45954],[-75.63539,45.4596],[-75.63543,45.45961],[-75.63547,45.4596],[-75.63557,45.45958],[-75.63565,45.45956],[-75.63585,45.45956],[-75.63617,45.45955],[-75.63649,45.45954],[-75.63658,45.45952],[-75.63666,45.45949],[-75.6371,45.45927],[-75.63766,45.459],[-75.63823,45.45873],[-75.63857,45.45853],[-75.63908,45.45812],[-75.63946,45.45784],[-75.63961,45.45775],[-75.64001,45.45752],[-75.6403,45.45736],[-75.64078,45.4571],[-75.64132,45.45678],[-75.64141,45.45673],[-75.6416,45.45664],[-75.64221,45.4564],[-75.64238,45.45635],[-75.64245,45.45633],[-75.64292,45.45628],[-75.64371,45.45622],[-75.64466,45.45618],[-75.64478,45.45618],[-75.64486,45.45619],[-75.64495,45.45624],[-75.64496,45.45629],[-75.64499,45.45647],[-75.64504,45.45653],[-75.64507,45.45655],[-75.64514,45.45657],[-75.64528,45.4566],[-75.64547,45.45663],[-75.64658,45.45688],[-75.64707,45.45701],[-75.64747,45.45716],[-75.64761,45.45722],[-75.64784,45.45734],[-75.64791,45.45738],[-75.64833,45.45763],[-75.64857,45.45781],[-75.64902,45.45811],[-75.64902,45.45812],[-75.64944,45.45838],[-75.64964,45.4585],[-75.65005,45.45879],[-75.65038,45.459],[-75.65072,45.45919],[-75.65087,45.45927],[-75.65122,45.45941],[-75.65252,45.45988],[-75.65269,45.45993],[-75.65293,45.45999],[-75.65322,45.46005],[-75.6535,45.4601],[-75.65398,45.46015],[-75.65424,45.46016],[-75.65449,45.46015],[-75.65467,45.46014],[-75.65489,45.4601],[-75.65575,45.45994],[-75.65634,45.45987],[-75.65656,45.45986],[-75.65688,45.45985],[-75.65741,45.45988],[-75.65759,45.45987],[-75.6577,45.45985],[-75.65794,45.45977],[-75.65807,45.45971],[-75.65821,45.45967],[-75.65832,45.45964],[-75.65844,45.45963],[-75.65909,45.45958],[-75.65951,45.45952],[-75.65984,45.45947],[-75.66021,45.45944],[-75.66103,45.45942],[-75.66131,45.4594],[-75.66158,45.45935],[-75.66183,45.45928],[-75.66209,45.4592],[-75.66243,45.45906],[-75.66258,45.45903],[-75.66283,45.45898],[-75.6637,45.45867],[-75.66386,45.45861],[-75.66392,45.4586],[-75.66436,45.45849],[-75.66485,45.45835],[-75.66542,45.45822],[-75.66599,45.45813],[-75.66653,45.4581],[-75.66699,45.4581],[-75.66748,45.45817],[-75.66785,45.4582],[-75.66809,45.45817],[-75.66852,45.45805],[-75.66964,45.45781],[-75.66983,45.45775],[-75.67003,45.45769],[-75.6702,45.45762],[-75.67038,45.45753],[-75.67078,45.45731],[-75.67091,45.45726],[-75.67112,45.45719],[-75.67125,45.45716],[-75.67139,45.45713],[-75.67152,45.45712],[-75.67166,45.45712],[-75.67225,45.45716],[-75.67229,45.45716],[-75.67248,45.45717],[-75.67262,45.45717],[-75.67272,45.45716],[-75.67282,45.45714],[-75.67316,45.45704],[-75.67349,45.45694],[-75.67409,45.45687],[-75.67468,45.45679],[-75.67624,45.45665],[-75.67652,45.45665],[-75.67673,45.45668],[-75.67705,45.45671],[-75.6778,45.45671],[-75.67786,45.4567],[-75.67794,45.45664],[-75.67799,45.45661],[-75.67815,45.4566],[-75.67835,45.4566],[-75.67858,45.45656],[-75.67873,45.45655],[-75.67887,45.45655],[-75.67898,45.45657],[-75.67909,45.45659],[-75.6793,45.45664],[-75.67949,45.45671],[-75.67957,45.45674],[-75.68021,45.45707],[-75.68037,45.45713],[-75.68048,45.45716],[-75.68059,45.45719],[-75.68076,45.45721],[-75.68093,45.45721],[-75.68148,45.45717],[-75.68193,45.45719],[-75.68204,45.45718],[-75.68213,45.45717],[-75.68229,45.45713],[-75.68248,45.45708],[-75.68324,45.45676],[-75.68364,45.45663],[-75.6839,45.45656],[-75.6845,45.45637],[-75.68488,45.45619],[-75.68507,45.45612],[-75.68515,45.45605],[-75.68514,45.45603],[-75.68511,45.45601],[-75.68509,45.456],[-75.68507,45.45598],[-75.68506,45.45597],[-75.68511,45.45592],[-75.6851,45.45591],[-75.68508,45.4559],[-75.68506,45.45589],[-75.68505,45.45588],[-75.68544,45.45553],[-75.68562,45.4554],[-75.68598,45.45518],[-75.68618,45.45502],[-75.68665,45.45464],[-75.68687,45.45445],[-75.68719,45.45412],[-75.68736,45.45404],[-75.68741,45.45401],[-75.68749,45.45398],[-75.68746,45.45394],[-75.68746,45.45392],[-75.68749,45.45386],[-75.68774,45.45344],[-75.68781,45.45328],[-75.68789,45.45307],[-75.68789,45.45293],[-75.68785,45.45282],[-75.68775,45.45265],[-75.68759,45.4525],[-75.68697,45.45195],[-75.68681,45.45177],[-75.68669,45.45162],[-75.68651,45.45135],[-75.68611,45.45055],[-75.68595,45.45028],[-75.6859,45.45022],[-75.6857,45.44979],[-75.68566,45.44969],[-75.68566,45.4496],[-75.68567,45.44952],[-75.6857,45.44943],[-75.68581,45.44919],[-75.68585,45.44913],[-75.6859,45.44907],[-75.68602,45.44898],[-75.68619,45.44893],[-75.6864,45.44889],[-75.68656,45.44888],[-75.68694,45.44889],[-75.68715,45.4489],[-75.68752,45.44888],[-75.68776,45.44886],[-75.68795,45.44882],[-75.68816,45.44877],[-75.68831,45.44871],[-75.68843,45.44865],[-75.68853,45.44857],[-75.68861,45.44849],[-75.68868,45.44838],[-75.68871,45.44826],[-75.68871,45.44805],[-75.68867,45.44783],[-75.68861,45.4476],[-75.68859,45.44745],[-75.68862,45.44724],[-75.68873,45.4468],[-75.68882,45.44636],[-75.68884,45.44627],[-75.68887,45.44623],[-75.68881,45.44618],[-75.68879,45.44615],[-75.68877,45.44612],[-75.68875,45.44605],[-75.68875,45.44602]]}},{"type":"Feature","properties":{"id":"orleans-south","name_en":"Orléans South","name_fr":"Orléans-Sud","desc_en":"North on Portobello and Trim Road, then the Ottawa River Pathway west","desc_fr":"Vers le nord par Portobello et le chemin Trim, puis le sentier de la rivière des Outaouais vers l’ouest","color":"#800000","distance_km":30.4,"minutes":107,"carfree_pct":71,"safety":"road","stop_minutes":5,"signals":25},"geometry":{"type":"LineString","coordinates":[[-75.68875,45.44602],[-75.68886,45.44603],[-75.68893,45.44605],[-75.68895,45.44608],[-75.689,45.44611],[-75.68906,45.44613],[-75.68913,45.44614],[-75.68919,45.44613],[-75.68925,45.44611],[-75.6893,45.44608],[-75.68933,45.44604],[-75.68934,45.446],[-75.68934,45.44597],[-75.68936,45.44588],[-75.68939,45.44581],[-75.68946,45.4457]]}},{"type":"Feature","properties":{"id":"orleans-south","name_en":"Orléans South","name_fr":"Orléans-Sud","desc_en":"North on Portobello and Trim Road, then the Ottawa River Pathway west","desc_fr":"Vers le nord par Portobello et le chemin Trim, puis le sentier de la rivière des Outaouais vers l’ouest","color":"#800000","distance_km":30.4,"minutes":107,"carfree_pct":71,"safety":"lane","stop_minutes":5,"signals":25},"geometry":{"type":"LineString","coordinates":[[-75.68946,45.4457],[-75.68957,45.44555],[-75.68969,45.44544],[-75.69001,45.44516],[-75.69013,45.4451],[-75.69031,45.44501],[-75.69042,45.44497],[-75.69068,45.4449],[-75.6909,45.44485],[-75.69116,45.44481],[-75.6914,45.44479],[-75.69215,45.44472],[-75.69222,45.44471],[-75.69234,45.44473]]}},{"type":"Feature","properties":{"id":"orleans-south","name_en":"Orléans South","name_fr":"Orléans-Sud","desc_en":"North on Portobello and Trim Road, then the Ottawa River Pathway west","desc_fr":"Vers le nord par Portobello et le chemin Trim, puis le sentier de la rivière des Outaouais vers l’ouest","color":"#800000","distance_km":30.4,"minutes":107,"carfree_pct":71,"safety":"road","stop_minutes":5,"signals":25},"geometry":{"type":"LineString","coordinates":[[-75.69234,45.44473],[-75.6924,45.44475],[-75.69246,45.44475],[-75.69251,45.44474],[-75.69256,45.44471],[-75.6926,45.44467],[-75.69261,45.44463],[-75.69264,45.44458],[-75.69267,45.44455],[-75.69271,45.44452]]}},{"type":"Feature","properties":{"id":"orleans-south","name_en":"Orléans South","name_fr":"Orléans-Sud","desc_en":"North on Portobello and Trim Road, then the Ottawa River Pathway west","desc_fr":"Vers le nord par Portobello et le chemin Trim, puis le sentier de la rivière des Outaouais vers l’ouest","color":"#800000","distance_km":30.4,"minutes":107,"carfree_pct":71,"safety":"lane","stop_minutes":5,"signals":25},"geometry":{"type":"LineString","coordinates":[[-75.69271,45.44452],[-75.69278,45.44444],[-75.69283,45.44436],[-75.69289,45.4442],[-75.69308,45.44389],[-75.69319,45.44372],[-75.69332,45.44351],[-75.6935,45.44323],[-75.6939,45.44259],[-75.69408,45.44232],[-75.69431,45.44195],[-75.69435,45.44189],[-75.6946,45.44149],[-75.69504,45.44081],[-75.69506,45.44078],[-75.69511,45.44072],[-75.69516,45.44064],[-75.69561,45.43995],[-75.69581,45.43966],[-75.69618,45.43909],[-75.6964,45.43887],[-75.69649,45.43874],[-75.69653,45.43869],[-75.6966,45.43858],[-75.69666,45.43848],[-75.69695,45.43803],[-75.69731,45.43745],[-75.69741,45.43729],[-75.69747,45.43721],[-75.69754,45.43709],[-75.69782,45.43666],[-75.69814,45.43614],[-75.69855,45.4355],[-75.69894,45.43487],[-75.69913,45.43451],[-75.69923,45.43426],[-75.69929,45.43407],[-75.69935,45.43385],[-75.69937,45.43374],[-75.69938,45.43364],[-75.69939,45.43348],[-75.69939,45.43317],[-75.69938,45.433],[-75.69936,45.43282],[-75.69934,45.4327],[-75.6993,45.43261],[-75.69922,45.4325],[-75.69914,45.43232],[-75.69908,45.43222],[-75.69903,45.43214],[-75.69886,45.43195],[-75.69822,45.43121],[-75.69817,45.43115],[-75.6981,45.43107],[-75.698,45.43096],[-75.69794,45.4308],[-75.69787,45.43068],[-75.69774,45.43051],[-75.69719,45.42984],[-75.69691,45.42951],[-75.69687,45.42945],[-75.69685,45.42938],[-75.69684,45.42931]]}},{"type":"Feature","properties":{"id":"orleans-south","name_en":"Orléans South","name_fr":"Orléans-Sud","desc_en":"North on Portobello and Trim Road, then the Ottawa River Pathway west","desc_fr":"Vers le nord par Portobello et le chemin Trim, puis le sentier de la rivière des Outaouais vers l’ouest","color":"#800000","distance_km":30.4,"minutes":107,"carfree_pct":71,"safety":"road","stop_minutes":5,"signals":25},"geometry":{"type":"LineString","coordinates":[[-75.69684,45.42931],[-75.69686,45.42926],[-75.69693,45.42912]]}},{"type":"Feature","properties":{"id":"orleans-south","name_en":"Orléans South","name_fr":"Orléans-Sud","desc_en":"North on Portobello and Trim Road, then the Ottawa River Pathway west","desc_fr":"Vers le nord par Portobello et le chemin Trim, puis le sentier de la rivière des Outaouais vers l’ouest","color":"#800000","distance_km":30.4,"minutes":107,"carfree_pct":71,"safety":"carfree","stop_minutes":5,"signals":25},"geometry":{"type":"LineString","coordinates":[[-75.69693,45.42912],[-75.69703,45.42912],[-75.69706,45.42911],[-75.69728,45.42901],[-75.69743,45.42896],[-75.69741,45.42893],[-75.69738,45.42889],[-75.69728,45.42876],[-75.69717,45.42871],[-75.69714,45.42865],[-75.69711,45.42858],[-75.69709,45.42854],[-75.69705,45.42852],[-75.697,45.42848],[-75.69691,45.42848],[-75.69685,45.42848],[-75.69683,45.42848],[-75.6968,45.42844],[-75.69622,45.42778],[-75.69558,45.42704],[-75.69541,45.42684],[-75.6951,45.4265],[-75.69477,45.42617],[-75.69462,45.42601],[-75.69408,45.42535],[-75.69406,45.42533],[-75.69401,45.42526]]}},{"type":"Feature","properties":{"id":"orleans-south","name_en":"Orléans South","name_fr":"Orléans-Sud","desc_en":"North on Portobello and Trim Road, then the Ottawa River Pathway west","desc_fr":"Vers le nord par Portobello et le chemin Trim, puis le sentier de la rivière des Outaouais vers l’ouest","color":"#800000","distance_km":30.4,"minutes":107,"carfree_pct":71,"safety":"lane","stop_minutes":5,"signals":25},"geometry":{"type":"LineString","coordinates":[[-75.69401,45.42526],[-75.69432,45.42512],[-75.69444,45.42506],[-75.69475,45.42491],[-75.69476,45.42491],[-75.69484,45.42487],[-75.69487,45.42486]]}},{"type":"Feature","properties":{"id":"orleans-south","name_en":"Orléans South","name_fr":"Orléans-Sud","desc_en":"North on Portobello and Trim Road, then the Ottawa River Pathway west","desc_fr":"Vers le nord par Portobello et le chemin Trim, puis le sentier de la rivière des Outaouais vers l’ouest","color":"#800000","distance_km":30.4,"minutes":107,"carfree_pct":71,"safety":"road","stop_minutes":5,"signals":25},"geometry":{"type":"LineString","coordinates":[[-75.69487,45.42486],[-75.69495,45.42482],[-75.6951,45.42475]]}},{"type":"Feature","properties":{"id":"orleans-south","name_en":"Orléans South","name_fr":"Orléans-Sud","desc_en":"North on Portobello and Trim Road, then the Ottawa River Pathway west","desc_fr":"Vers le nord par Portobello et le chemin Trim, puis le sentier de la rivière des Outaouais vers l’ouest","color":"#800000","distance_km":30.4,"minutes":107,"carfree_pct":71,"safety":"lane","stop_minutes":5,"signals":25},"geometry":{"type":"LineString","coordinates":[[-75.6951,45.42475],[-75.69519,45.4247],[-75.69547,45.42457],[-75.6963,45.42421],[-75.6968,45.42402],[-75.697,45.42394],[-75.69782,45.42358],[-75.69788,45.42355],[-75.69795,45.4235],[-75.69806,45.42345],[-75.69859,45.42322],[-75.69867,45.42318],[-75.69956,45.4228],[-75.69991,45.42265]]}},{"type":"Feature","properties":{"id":"orleans-south","name_en":"Orléans South","name_fr":"Orléans-Sud","desc_en":"North on Portobello and Trim Road, then the Ottawa River Pathway west","desc_fr":"Vers le nord par Portobello et le chemin Trim, puis le sentier de la rivière des Outaouais vers l’ouest","color":"#800000","distance_km":30.4,"minutes":107,"carfree_pct":71,"safety":"road","stop_minutes":5,"signals":25},"geometry":{"type":"LineString","coordinates":[[-75.69991,45.42265],[-75.69984,45.42257],[-75.69935,45.422],[-75.69912,45.42173],[-75.69888,45.42146],[-75.69883,45.42141],[-75.69877,45.42133],[-75.69841,45.42092],[-75.69837,45.42086],[-75.69831,45.4208],[-75.69824,45.42073],[-75.69785,45.42027],[-75.69779,45.42021],[-75.69773,45.42013],[-75.69726,45.4196]]}},{"type":"Feature","properties":{"id":"orleans-south","name_en":"Orléans South","name_fr":"Orléans-Sud","desc_en":"North on Portobello and Trim Road, then the Ottawa River Pathway west","desc_fr":"Vers le nord par Portobello et le chemin Trim, puis le sentier de la rivière des Outaouais vers l’ouest","color":"#800000","distance_km":30.4,"minutes":107,"carfree_pct":71,"safety":"carfree","stop_minutes":5,"signals":25},"geometry":{"type":"LineString","coordinates":[[-75.69726,45.4196],[-75.69722,45.41959],[-75.69717,45.41957],[-75.69711,45.4195],[-75.69708,45.41946],[-75.69706,45.41943],[-75.69702,45.41939]]}},{"type":"Feature","properties":{"id":"orleans-south","name_en":"Orléans South","name_fr":"Orléans-Sud","desc_en":"North on Portobello and Trim Road, then the Ottawa River Pathway west","desc_fr":"Vers le nord par Portobello et le chemin Trim, puis le sentier de la rivière des Outaouais vers l’ouest","color":"#800000","distance_km":30.4,"minutes":107,"carfree_pct":71,"safety":"road","stop_minutes":5,"signals":25},"geometry":{"type":"LineString","coordinates":[[-75.69702,45.41939],[-75.69697,45.41941],[-75.69693,45.41936],[-75.69692,45.41934],[-75.69691,45.41933]]}},{"type":"Feature","properties":{"id":"orleans","name_en":"Orléans","name_fr":"Orléans","desc_en":"Ottawa River Pathway east along the Sir George-Étienne Cartier Parkway","desc_fr":"Sentier de la rivière des Outaouais, le long de la promenade Sir-George-Étienne-Cartier","color":"#E6194B","distance_km":23.2,"minutes":82,"carfree_pct":81,"safety":"road","stop_minutes":3,"signals":15},"geometry":{"type":"LineString","coordinates":[[-75.52031,45.48048],[-75.51993,45.47977],[-75.52011,45.47966],[-75.52029,45.47956],[-75.52036,45.47952],[-75.52041,45.47951],[-75.52046,45.47951],[-75.5205,45.47952],[-75.52054,45.47956]]}},{"type":"Feature","properties":{"id":"orleans","name_en":"Orléans","name_fr":"Orléans","desc_en":"Ottawa River Pathway east along the Sir George-Étienne Cartier Parkway","desc_fr":"Sentier de la rivière des Outaouais, le long de la promenade Sir-George-Étienne-Cartier","color":"#E6194B","distance_km":23.2,"minutes":82,"carfree_pct":81,"safety":"carfree","stop_minutes":3,"signals":15},"geometry":{"type":"LineString","coordinates":[[-75.52054,45.47956],[-75.52115,45.47929],[-75.52124,45.47925],[-75.52148,45.47915],[-75.52247,45.47873],[-75.52352,45.47831],[-75.52758,45.47675],[-75.52769,45.47673],[-75.52781,45.47672],[-75.52794,45.47674],[-75.52805,45.47679],[-75.52812,45.47683],[-75.52822,45.47696],[-75.52837,45.47723],[-75.52843,45.47734],[-75.52852,45.47745],[-75.52861,45.47755],[-75.52871,45.47762],[-75.52879,45.47766],[-75.52896,45.4779],[-75.52891,45.47797]]}},{"type":"Feature","properties":{"id":"orleans","name_en":"Orléans","name_fr":"Orléans","desc_en":"Ottawa River Pathway east along the Sir George-Étienne Cartier Parkway","desc_fr":"Sentier de la rivière des Outaouais, le long de la promenade Sir-George-Étienne-Cartier","color":"#E6194B","distance_km":23.2,"minutes":82,"carfree_pct":81,"safety":"road","stop_minutes":3,"signals":15},"geometry":{"type":"LineString","coordinates":[[-75.52891,45.47797],[-75.52917,45.47808],[-75.52928,45.47815],[-75.52938,45.47822],[-75.52952,45.47835],[-75.52957,45.4784],[-75.52958,45.47841],[-75.52958,45.47841],[-75.52982,45.47868],[-75.53009,45.47897],[-75.53038,45.47928],[-75.53042,45.47933],[-75.53062,45.47954],[-75.53081,45.47975],[-75.53123,45.48021],[-75.53137,45.48036],[-75.53182,45.48085],[-75.53183,45.48086],[-75.53202,45.48108],[-75.53224,45.48133],[-75.5323,45.48139],[-75.53239,45.48149],[-75.53244,45.48154],[-75.53258,45.48169],[-75.5328,45.482],[-75.53286,45.48224],[-75.53287,45.48241],[-75.53297,45.48398],[-75.53298,45.48406],[-75.53299,45.48411],[-75.53304,45.48423],[-75.53316,45.48448],[-75.53361,45.48536]]}},{"type":"Feature","properties":{"id":"orleans","name_en":"Orléans","name_fr":"Orléans","desc_en":"Ottawa River Pathway east along the Sir George-Étienne Cartier Parkway","desc_fr":"Sentier de la rivière des Outaouais, le long de la promenade Sir-George-Étienne-Cartier","color":"#E6194B","distance_km":23.2,"minutes":82,"carfree_pct":81,"safety":"carfree","stop_minutes":3,"signals":15},"geometry":{"type":"LineString","coordinates":[[-75.53361,45.48536],[-75.53359,45.48551],[-75.53359,45.48563],[-75.5336,45.48574],[-75.53365,45.4859],[-75.5337,45.48595],[-75.5339,45.48619],[-75.53418,45.48611],[-75.5345,45.48601],[-75.53471,45.48597],[-75.53492,45.4859],[-75.53504,45.48583],[-75.53514,45.48576],[-75.53525,45.48567],[-75.53581,45.48509],[-75.5359,45.48503],[-75.53596,45.48501],[-75.53697,45.48484],[-75.53722,45.4848],[-75.53743,45.48476],[-75.53831,45.48456],[-75.53852,45.4845],[-75.5391,45.48437],[-75.53941,45.48431],[-75.53993,45.48422],[-75.54142,45.48391],[-75.54168,45.48382],[-75.54188,45.48372],[-75.54255,45.48343],[-75.54259,45.48342],[-75.54277,45.48335],[-75.54287,45.4833],[-75.54309,45.48316],[-75.54339,45.48286],[-75.54348,45.48278],[-75.54443,45.48223],[-75.54458,45.48217],[-75.54471,45.48214],[-75.54479,45.48214],[-75.54519,45.48216],[-75.5454,45.48215],[-75.54552,45.48214],[-75.5456,45.48211],[-75.54582,45.48204],[-75.5461,45.48192],[-75.54644,45.48173],[-75.54689,45.48137],[-75.54706,45.48125],[-75.54711,45.48123]]}},{"type":"Feature","properties":{"id":"orleans","name_en":"Orléans","name_fr":"Orléans","desc_en":"Ottawa River Pathway east along the Sir George-Étienne Cartier Parkway","desc_fr":"Sentier de la rivière des Outaouais, le long de la promenade Sir-George-Étienne-Cartier","color":"#E6194B","distance_km":23.2,"minutes":82,"carfree_pct":81,"safety":"road","stop_minutes":3,"signals":15},"geometry":{"type":"LineString","coordinates":[[-75.54711,45.48123],[-75.54741,45.48178],[-75.54746,45.48187],[-75.54784,45.48256],[-75.54791,45.48263],[-75.548,45.48266],[-75.54808,45.48266],[-75.54818,45.48264],[-75.54886,45.48234],[-75.54912,45.48224],[-75.54978,45.48196],[-75.54991,45.48191],[-75.55069,45.48158],[-75.55118,45.48138],[-75.5516,45.48119],[-75.55254,45.4808],[-75.55266,45.48074]]}},{"type":"Feature","properties":{"id":"orleans","name_en":"Orléans","name_fr":"Orléans","desc_en":"Ottawa River Pathway east along the Sir George-Étienne Cartier Parkway","desc_fr":"Sentier de la rivière des Outaouais, le long de la promenade Sir-George-Étienne-Cartier","color":"#E6194B","distance_km":23.2,"minutes":82,"carfree_pct":81,"safety":"carfree","stop_minutes":3,"signals":15},"geometry":{"type":"LineString","coordinates":[[-75.55266,45.48074],[-75.55314,45.48051],[-75.55401,45.48015],[-75.55427,45.48007],[-75.55452,45.48],[-75.55516,45.47983],[-75.55652,45.47936],[-75.55684,45.4793],[-75.55706,45.47924],[-75.55737,45.47912],[-75.55872,45.47857],[-75.55925,45.47828],[-75.55963,45.47805],[-75.55973,45.478],[-75.56047,45.47777],[-75.56071,45.47767],[-75.56109,45.47746],[-75.5615,45.47717],[-75.56172,45.47708],[-75.56243,45.47687],[-75.56283,45.47671],[-75.56327,45.47652],[-75.56341,45.47648],[-75.56363,45.47645],[-75.56388,45.47643],[-75.56431,45.47644],[-75.56462,45.47641],[-75.56538,45.47623],[-75.56569,45.47612],[-75.5662,45.47588],[-75.56645,45.47574],[-75.56692,45.47537],[-75.56735,45.47514],[-75.56749,45.47504],[-75.56759,45.4749],[-75.56762,45.47482],[-75.56763,45.47472],[-75.56762,45.47468],[-75.56758,45.47451],[-75.56744,45.47407],[-75.56741,45.47396],[-75.56741,45.47382],[-75.56743,45.47355],[-75.56756,45.47288],[-75.56757,45.47275],[-75.56755,45.47258],[-75.56752,45.47245],[-75.56738,45.47214],[-75.56727,45.47191],[-75.56695,45.4714],[-75.5665,45.4708],[-75.56608,45.47035],[-75.56597,45.4702],[-75.56593,45.47013],[-75.56592,45.47006],[-75.56593,45.46997],[-75.56597,45.46986],[-75.566,45.46977],[-75.56607,45.46969],[-75.56617,45.46959],[-75.56629,45.46953],[-75.56659,45.46945],[-75.56675,45.46939],[-75.5669,45.46931],[-75.56702,45.46918],[-75.56704,45.46909],[-75.56704,45.46896],[-75.56691,45.46862],[-75.56692,45.46849],[-75.56697,45.46839],[-75.56705,45.46832],[-75.56725,45.46822],[-75.56736,45.46818],[-75.56745,45.46817],[-75.56754,45.46816],[-75.56774,45.46818],[-75.56785,45.46821],[-75.56799,45.46827],[-75.56807,45.46833],[-75.56812,45.46841],[-75.56813,45.4685],[-75.56804,45.46874],[-75.56804,45.46881],[-75.56807,45.46889],[-75.56814,45.46894],[-75.56829,45.469],[-75.5686,45.46907],[-75.5688,45.46915],[-75.569,45.46932],[-75.56937,45.46977],[-75.57,45.47014],[-75.57024,45.47026],[-75.57049,45.47036],[-75.57079,45.47044],[-75.57159,45.47054],[-75.57223,45.47058],[-75.57243,45.47055],[-75.57258,45.47055],[-75.5727,45.47056],[-75.57284,45.47059],[-75.57322,45.47065],[-75.57364,45.4707],[-75.57424,45.47075],[-75.57436,45.47076],[-75.57443,45.47077],[-75.57451,45.47081],[-75.57458,45.47086],[-75.57468,45.47096],[-75.57478,45.47099],[-75.57503,45.47105],[-75.57513,45.47106],[-75.57526,45.4711],[-75.57536,45.47114],[-75.57549,45.47123],[-75.57575,45.4712],[-75.57591,45.47118],[-75.576,45.47115],[-75.57624,45.47104],[-75.57659,45.47095],[-75.57689,45.47082],[-75.57704,45.47074],[-75.57714,45.47072],[-75.57738,45.47068],[-75.57751,45.47065],[-75.5776,45.47062],[-75.5779,45.47048],[-75.57808,45.4704],[-75.57854,45.47022],[-75.57867,45.47014],[-75.57876,45.47006],[-75.57903,45.46985],[-75.57911,45.46981],[-75.57948,45.46963],[-75.57979,45.4695],[-75.57992,45.46946],[-75.58004,45.46942],[-75.58023,45.46939],[-75.58031,45.46937],[-75.58038,45.46933],[-75.58077,45.46903],[-75.58094,45.46887],[-75.58105,45.46878],[-75.58116,45.46871],[-75.58138,45.46858],[-75.58146,45.46853],[-75.5816,45.46841],[-75.58185,45.46831],[-75.58207,45.46821],[-75.58216,45.46819],[-75.58239,45.46818],[-75.58248,45.46817],[-75.5826,45.46813],[-75.58267,45.46817],[-75.58276,45.46819],[-75.58287,45.46818],[-75.58331,45.46814],[-75.58341,45.46812],[-75.58352,45.46813],[-75.58371,45.46802],[-75.58452,45.46752],[-75.58476,45.46739],[-75.58503,45.46727],[-75.58548,45.46711],[-75.58568,45.46706],[-75.5865,45.46694],[-75.58671,45.46688],[-75.58688,45.46683],[-75.58703,45.46675],[-75.58739,45.46644],[-75.58766,45.46632],[-75.5879,45.4662],[-75.58801,45.46613],[-75.58826,45.46598],[-75.58838,45.46593],[-75.58846,45.46591],[-75.58856,45.46591],[-75.58875,45.46593],[-75.5889,45.46597],[-75.5893,45.46604],[-75.58943,45.46605],[-75.58956,45.46604],[-75.58967,45.46603],[-75.59043,45.46586],[-75.59055,45.46584],[-75.59107,45.4658],[-75.59131,45.46577],[-75.59164,45.4657],[-75.59182,45.46565],[-75.59204,45.46557],[-75.59222,45.46552],[-75.59244,45.4655],[-75.59267,45.4655],[-75.59289,45.46547],[-75.59304,45.46547],[-75.59348,45.46552],[-75.59365,45.46553],[-75.59396,45.46553],[-75.59428,45.46551],[-75.59454,45.46551],[-75.59494,45.46552],[-75.59627,45.46548],[-75.59647,45.46547],[-75.59691,45.46537],[-75.59705,45.46535],[-75.59814,45.46524],[-75.5985,45.46522],[-75.59892,45.46517],[-75.60082,45.46496],[-75.60228,45.4649],[-75.60254,45.46487],[-75.60304,45.46486],[-75.60332,45.46484],[-75.60367,45.46482],[-75.60434,45.46481],[-75.60663,45.46459],[-75.60689,45.46454],[-75.60695,45.46452],[-75.60732,45.46441],[-75.60749,45.46439],[-75.60791,45.46442],[-75.60924,45.46441],[-75.60969,45.46438],[-75.61001,45.46436],[-75.61058,45.46428],[-75.61124,45.46414],[-75.61197,45.46404],[-75.6124,45.46395],[-75.61279,45.46387],[-75.61543,45.46348],[-75.6168,45.46334],[-75.6173,45.46327],[-75.61767,45.46322],[-75.61807,45.46318],[-75.61845,45.46318],[-75.61908,45.46312],[-75.61967,45.46312],[-75.62038,45.46307],[-75.62093,45.46306],[-75.62197,45.46295],[-75.62236,45.46292],[-75.62286,45.46293],[-75.6235,45.46294],[-75.624,45.46299],[-75.62418,45.46301],[-75.62474,45.46313],[-75.62496,45.46312],[-75.62514,45.46309],[-75.62539,45.46301],[-75.62548,45.463],[-75.62559,45.463],[-75.62567,45.46301],[-75.62668,45.46322],[-75.62708,45.46327],[-75.62736,45.46329],[-75.62748,45.4633],[-75.62802,45.46332],[-75.62885,45.46334],[-75.63007,45.46342],[-75.63095,45.46346],[-75.63123,45.46346],[-75.63126,45.46344],[-75.63148,45.46339],[-75.63172,45.46328],[-75.63184,45.46321],[-75.63191,45.46315],[-75.63195,45.46307],[-75.63196,45.463],[-75.63197,45.46292],[-75.63197,45.46286],[-75.63196,45.46276],[-75.63189,45.46267],[-75.6317,45.46253],[-75.63132,45.46237],[-75.63121,45.4623],[-75.63099,45.46223],[-75.63062,45.4622],[-75.6305,45.46216],[-75.63043,45.4621],[-75.63041,45.46203],[-75.63042,45.46193],[-75.63048,45.46183],[-75.63105,45.46131],[-75.63145,45.46101],[-75.63175,45.46082],[-75.63177,45.4608],[-75.63185,45.46072],[-75.6319,45.46062],[-75.63193,45.4605],[-75.63193,45.46037],[-75.63189,45.4602],[-75.63184,45.46],[-75.63183,45.45988],[-75.63185,45.45983],[-75.63188,45.45978],[-75.63196,45.45976],[-75.63202,45.45975],[-75.63245,45.4598],[-75.63269,45.45979],[-75.6329,45.45976],[-75.63335,45.45967],[-75.63348,45.45967],[-75.63381,45.45976],[-75.63394,45.45977],[-75.63402,45.45975],[-75.6341,45.4597],[-75.63418,45.45962],[-75.63429,45.45955],[-75.63444,45.45953],[-75.63464,45.45946],[-75.63474,45.45943],[-75.63483,45.45942],[-75.63495,45.45945],[-75.63514,45.45951],[-75.6352,45.45954],[-75.63539,45.4596],[-75.63543,45.45961],[-75.63547,45.4596],[-75.63557,45.45958],[-75.63565,45.45956],[-75.63585,45.45956],[-75.63617,45.45955],[-75.63649,45.45954],[-75.63658,45.45952],[-75.63666,45.45949],[-75.6371,45.45927],[-75.63766,45.459],[-75.63823,45.45873],[-75.63857,45.45853],[-75.63908,45.45812],[-75.63946,45.45784],[-75.63961,45.45775],[-75.64001,45.45752],[-75.6403,45.45736],[-75.64078,45.4571],[-75.64132,45.45678],[-75.64141,45.45673],[-75.6416,45.45664],[-75.64221,45.4564],[-75.64238,45.45635],[-75.64245,45.45633],[-75.64292,45.45628],[-75.64371,45.45622],[-75.64466,45.45618],[-75.64478,45.45618],[-75.64486,45.45619],[-75.64495,45.45624],[-75.64496,45.45629],[-75.64499,45.45647],[-75.64504,45.45653],[-75.64507,45.45655],[-75.64514,45.45657],[-75.64528,45.4566],[-75.64547,45.45663],[-75.64658,45.45688],[-75.64707,45.45701],[-75.64747,45.45716],[-75.64761,45.45722],[-75.64784,45.45734],[-75.64791,45.45738],[-75.64833,45.45763],[-75.64857,45.45781],[-75.64902,45.45811],[-75.64902,45.45812],[-75.64944,45.45838],[-75.64964,45.4585],[-75.65005,45.45879],[-75.65038,45.459],[-75.65072,45.45919],[-75.65087,45.45927],[-75.65122,45.45941],[-75.65252,45.45988],[-75.65269,45.45993],[-75.65293,45.45999],[-75.65322,45.46005],[-75.6535,45.4601],[-75.65398,45.46015],[-75.65424,45.46016],[-75.65449,45.46015],[-75.65467,45.46014],[-75.65489,45.4601],[-75.65575,45.45994],[-75.65634,45.45987],[-75.65656,45.45986],[-75.65688,45.45985],[-75.65741,45.45988],[-75.65759,45.45987],[-75.6577,45.45985],[-75.65794,45.45977],[-75.65807,45.45971],[-75.65821,45.45967],[-75.65832,45.45964],[-75.65844,45.45963],[-75.65909,45.45958],[-75.65951,45.45952],[-75.65984,45.45947],[-75.66021,45.45944],[-75.66103,45.45942],[-75.66131,45.4594],[-75.66158,45.45935],[-75.66183,45.45928],[-75.66209,45.4592],[-75.66243,45.45906],[-75.66258,45.45903],[-75.66283,45.45898],[-75.6637,45.45867],[-75.66386,45.45861],[-75.66392,45.4586],[-75.66436,45.45849],[-75.66485,45.45835],[-75.66542,45.45822],[-75.66599,45.45813],[-75.66653,45.4581],[-75.66699,45.4581],[-75.66748,45.45817],[-75.66785,45.4582],[-75.66809,45.45817],[-75.66852,45.45805],[-75.66964,45.45781],[-75.66983,45.45775],[-75.67003,45.45769],[-75.6702,45.45762],[-75.67038,45.45753],[-75.67078,45.45731],[-75.67091,45.45726],[-75.67112,45.45719],[-75.67125,45.45716],[-75.67139,45.45713],[-75.67152,45.45712],[-75.67166,45.45712],[-75.67225,45.45716],[-75.67229,45.45716],[-75.67248,45.45717],[-75.67262,45.45717],[-75.67272,45.45716],[-75.67282,45.45714],[-75.67316,45.45704],[-75.67349,45.45694],[-75.67409,45.45687],[-75.67468,45.45679],[-75.67624,45.45665],[-75.67652,45.45665],[-75.67673,45.45668],[-75.67705,45.45671],[-75.6778,45.45671],[-75.67786,45.4567],[-75.67794,45.45664],[-75.67799,45.45661],[-75.67815,45.4566],[-75.67835,45.4566],[-75.67858,45.45656],[-75.67873,45.45655],[-75.67887,45.45655],[-75.67898,45.45657],[-75.67909,45.45659],[-75.6793,45.45664],[-75.67949,45.45671],[-75.67957,45.45674],[-75.68021,45.45707],[-75.68037,45.45713],[-75.68048,45.45716],[-75.68059,45.45719],[-75.68076,45.45721],[-75.68093,45.45721],[-75.68148,45.45717],[-75.68193,45.45719],[-75.68204,45.45718],[-75.68213,45.45717],[-75.68229,45.45713],[-75.68248,45.45708],[-75.68324,45.45676],[-75.68364,45.45663],[-75.6839,45.45656],[-75.6845,45.45637],[-75.68488,45.45619],[-75.68507,45.45612],[-75.68515,45.45605],[-75.68514,45.45603],[-75.68511,45.45601],[-75.68509,45.456],[-75.68507,45.45598],[-75.68506,45.45597],[-75.68511,45.45592],[-75.6851,45.45591],[-75.68508,45.4559],[-75.68506,45.45589],[-75.68505,45.45588],[-75.68544,45.45553],[-75.68562,45.4554],[-75.68598,45.45518],[-75.68618,45.45502],[-75.68665,45.45464],[-75.68687,45.45445],[-75.68719,45.45412],[-75.68736,45.45404],[-75.68741,45.45401],[-75.68749,45.45398],[-75.68746,45.45394],[-75.68746,45.45392],[-75.68749,45.45386],[-75.68774,45.45344],[-75.68781,45.45328],[-75.68789,45.45307],[-75.68789,45.45293],[-75.68785,45.45282],[-75.68775,45.45265],[-75.68759,45.4525],[-75.68697,45.45195],[-75.68681,45.45177],[-75.68669,45.45162],[-75.68651,45.45135],[-75.68611,45.45055],[-75.68595,45.45028],[-75.6859,45.45022],[-75.6857,45.44979],[-75.68566,45.44969],[-75.68566,45.4496],[-75.68567,45.44952],[-75.6857,45.44943],[-75.68581,45.44919],[-75.68585,45.44913],[-75.6859,45.44907],[-75.68602,45.44898],[-75.68619,45.44893],[-75.6864,45.44889],[-75.68656,45.44888],[-75.68694,45.44889],[-75.68715,45.4489],[-75.68752,45.44888],[-75.68776,45.44886],[-75.68795,45.44882],[-75.68816,45.44877],[-75.68831,45.44871],[-75.68843,45.44865],[-75.68853,45.44857],[-75.68861,45.44849],[-75.68868,45.44838],[-75.68871,45.44826],[-75.68871,45.44805],[-75.68867,45.44783],[-75.68861,45.4476],[-75.68859,45.44745],[-75.68862,45.44724],[-75.68873,45.4468],[-75.68882,45.44636],[-75.68884,45.44627],[-75.68887,45.44623],[-75.68881,45.44618],[-75.68879,45.44615],[-75.68877,45.44612],[-75.68875,45.44605],[-75.68875,45.44602]]}},{"type":"Feature","properties":{"id":"orleans","name_en":"Orléans","name_fr":"Orléans","desc_en":"Ottawa River Pathway east along the Sir George-Étienne Cartier Parkway","desc_fr":"Sentier de la rivière des Outaouais, le long de la promenade Sir-George-Étienne-Cartier","color":"#E6194B","distance_km":23.2,"minutes":82,"carfree_pct":81,"safety":"road","stop_minutes":3,"signals":15},"geometry":{"type":"LineString","coordinates":[[-75.68875,45.44602],[-75.68886,45.44603],[-75.68893,45.44605],[-75.68895,45.44608],[-75.689,45.44611],[-75.68906,45.44613],[-75.68913,45.44614],[-75.68919,45.44613],[-75.68925,45.44611],[-75.6893,45.44608],[-75.68933,45.44604],[-75.68934,45.446],[-75.68934,45.44597],[-75.68936,45.44588],[-75.68939,45.44581],[-75.68946,45.4457]]}},{"type":"Feature","properties":{"id":"orleans","name_en":"Orléans","name_fr":"Orléans","desc_en":"Ottawa River Pathway east along the Sir George-Étienne Cartier Parkway","desc_fr":"Sentier de la rivière des Outaouais, le long de la promenade Sir-George-Étienne-Cartier","color":"#E6194B","distance_km":23.2,"minutes":82,"carfree_pct":81,"safety":"lane","stop_minutes":3,"signals":15},"geometry":{"type":"LineString","coordinates":[[-75.68946,45.4457],[-75.68957,45.44555],[-75.68969,45.44544],[-75.69001,45.44516],[-75.69013,45.4451],[-75.69031,45.44501],[-75.69042,45.44497],[-75.69068,45.4449],[-75.6909,45.44485],[-75.69116,45.44481],[-75.6914,45.44479],[-75.69215,45.44472],[-75.69222,45.44471],[-75.69234,45.44473]]}},{"type":"Feature","properties":{"id":"orleans","name_en":"Orléans","name_fr":"Orléans","desc_en":"Ottawa River Pathway east along the Sir George-Étienne Cartier Parkway","desc_fr":"Sentier de la rivière des Outaouais, le long de la promenade Sir-George-Étienne-Cartier","color":"#E6194B","distance_km":23.2,"minutes":82,"carfree_pct":81,"safety":"road","stop_minutes":3,"signals":15},"geometry":{"type":"LineString","coordinates":[[-75.69234,45.44473],[-75.6924,45.44475],[-75.69246,45.44475],[-75.69251,45.44474],[-75.69256,45.44471],[-75.6926,45.44467],[-75.69261,45.44463],[-75.69264,45.44458],[-75.69267,45.44455],[-75.69271,45.44452]]}},{"type":"Feature","properties":{"id":"orleans","name_en":"Orléans","name_fr":"Orléans","desc_en":"Ottawa River Pathway east along the Sir George-Étienne Cartier Parkway","desc_fr":"Sentier de la rivière des Outaouais, le long de la promenade Sir-George-Étienne-Cartier","color":"#E6194B","distance_km":23.2,"minutes":82,"carfree_pct":81,"safety":"lane","stop_minutes":3,"signals":15},"geometry":{"type":"LineString","coordinates":[[-75.69271,45.44452],[-75.69278,45.44444],[-75.69283,45.44436],[-75.69289,45.4442],[-75.69308,45.44389],[-75.69319,45.44372],[-75.69332,45.44351],[-75.6935,45.44323],[-75.6939,45.44259],[-75.69408,45.44232],[-75.69431,45.44195],[-75.69435,45.44189],[-75.6946,45.44149],[-75.69504,45.44081],[-75.69506,45.44078],[-75.69511,45.44072],[-75.69516,45.44064],[-75.69561,45.43995],[-75.69581,45.43966],[-75.69618,45.43909],[-75.6964,45.43887],[-75.69649,45.43874],[-75.69653,45.43869],[-75.6966,45.43858],[-75.69666,45.43848],[-75.69695,45.43803],[-75.69731,45.43745],[-75.69741,45.43729],[-75.69747,45.43721],[-75.69754,45.43709],[-75.69782,45.43666],[-75.69814,45.43614],[-75.69855,45.4355],[-75.69894,45.43487],[-75.69913,45.43451],[-75.69923,45.43426],[-75.69929,45.43407],[-75.69935,45.43385],[-75.69937,45.43374],[-75.69938,45.43364],[-75.69939,45.43348],[-75.69939,45.43317],[-75.69938,45.433],[-75.69936,45.43282],[-75.69934,45.4327],[-75.6993,45.43261],[-75.69922,45.4325],[-75.69914,45.43232],[-75.69908,45.43222],[-75.69903,45.43214],[-75.69886,45.43195],[-75.69822,45.43121],[-75.69817,45.43115],[-75.6981,45.43107],[-75.698,45.43096],[-75.69794,45.4308],[-75.69787,45.43068],[-75.69774,45.43051],[-75.69719,45.42984],[-75.69691,45.42951],[-75.69687,45.42945],[-75.69685,45.42938],[-75.69684,45.42931]]}},{"type":"Feature","properties":{"id":"orleans","name_en":"Orléans","name_fr":"Orléans","desc_en":"Ottawa River Pathway east along the Sir George-Étienne Cartier Parkway","desc_fr":"Sentier de la rivière des Outaouais, le long de la promenade Sir-George-Étienne-Cartier","color":"#E6194B","distance_km":23.2,"minutes":82,"carfree_pct":81,"safety":"road","stop_minutes":3,"signals":15},"geometry":{"type":"LineString","coordinates":[[-75.69684,45.42931],[-75.69686,45.42926],[-75.69693,45.42912]]}},{"type":"Feature","properties":{"id":"orleans","name_en":"Orléans","name_fr":"Orléans","desc_en":"Ottawa River Pathway east along the Sir George-Étienne Cartier Parkway","desc_fr":"Sentier de la rivière des Outaouais, le long de la promenade Sir-George-Étienne-Cartier","color":"#E6194B","distance_km":23.2,"minutes":82,"carfree_pct":81,"safety":"carfree","stop_minutes":3,"signals":15},"geometry":{"type":"LineString","coordinates":[[-75.69693,45.42912],[-75.69703,45.42912],[-75.69706,45.42911],[-75.69728,45.42901],[-75.69743,45.42896],[-75.69741,45.42893],[-75.69738,45.42889],[-75.69728,45.42876],[-75.69717,45.42871],[-75.69714,45.42865],[-75.69711,45.42858],[-75.69709,45.42854],[-75.69705,45.42852],[-75.697,45.42848],[-75.69691,45.42848],[-75.69685,45.42848],[-75.69683,45.42848],[-75.6968,45.42844],[-75.69622,45.42778],[-75.69558,45.42704],[-75.69541,45.42684],[-75.6951,45.4265],[-75.69477,45.42617],[-75.69462,45.42601],[-75.69408,45.42535],[-75.69406,45.42533],[-75.69401,45.42526],[-75.69392,45.42517],[-75.6938,45.42511],[-75.69362,45.42509],[-75.6935,45.42507],[-75.69334,45.42503],[-75.69322,45.42497],[-75.69309,45.4249],[-75.69297,45.4248],[-75.6929,45.42471],[-75.69253,45.42429],[-75.69245,45.4242],[-75.69246,45.42415],[-75.69238,45.42407],[-75.6923,45.42401],[-75.69217,45.42383],[-75.69205,45.42379],[-75.69158,45.42363],[-75.69111,45.42347],[-75.69057,45.42329],[-75.68981,45.42298],[-75.68933,45.42278],[-75.68848,45.4224],[-75.68812,45.42224],[-75.68807,45.42222],[-75.68712,45.42181],[-75.68682,45.42168],[-75.6843,45.42059],[-75.6838,45.42038],[-75.68376,45.42037],[-75.68359,45.42039],[-75.6835,45.4204],[-75.68327,45.42042],[-75.6841,45.42076],[-75.68441,45.42089],[-75.68446,45.42085],[-75.68428,45.42072],[-75.68478,45.42039],[-75.68489,45.42032],[-75.685,45.42036],[-75.68508,45.42044],[-75.68524,45.42055],[-75.68563,45.42072],[-75.68575,45.42077],[-75.68667,45.42118],[-75.68707,45.42137],[-75.68781,45.42168],[-75.68825,45.42187],[-75.68841,45.42194],[-75.68904,45.42224],[-75.68932,45.42236],[-75.6898,45.42259],[-75.68991,45.42262],[-75.69005,45.42264]]}},{"type":"Feature","properties":{"id":"orleans","name_en":"Orléans","name_fr":"Orléans","desc_en":"Ottawa River Pathway east along the Sir George-Étienne Cartier Parkway","desc_fr":"Sentier de la rivière des Outaouais, le long de la promenade Sir-George-Étienne-Cartier","color":"#E6194B","distance_km":23.2,"minutes":82,"carfree_pct":81,"safety":"road","stop_minutes":3,"signals":15},"geometry":{"type":"LineString","coordinates":[[-75.69005,45.42264],[-75.6902,45.42259],[-75.69019,45.42258],[-75.69017,45.42255]]}},{"type":"Feature","properties":{"id":"orleans","name_en":"Orléans","name_fr":"Orléans","desc_en":"Ottawa River Pathway east along the Sir George-Étienne Cartier Parkway","desc_fr":"Sentier de la rivière des Outaouais, le long de la promenade Sir-George-Étienne-Cartier","color":"#E6194B","distance_km":23.2,"minutes":82,"carfree_pct":81,"safety":"lane","stop_minutes":3,"signals":15},"geometry":{"type":"LineString","coordinates":[[-75.69017,45.42255],[-75.69038,45.42245],[-75.69058,45.42231],[-75.69086,45.42208],[-75.6909,45.42205],[-75.69098,45.42198],[-75.69128,45.42176],[-75.69148,45.42168],[-75.69181,45.42155],[-75.69207,45.42144],[-75.69266,45.42121],[-75.69272,45.42119],[-75.69288,45.42112],[-75.69304,45.42104]]}},{"type":"Feature","properties":{"id":"orleans","name_en":"Orléans","name_fr":"Orléans","desc_en":"Ottawa River Pathway east along the Sir George-Étienne Cartier Parkway","desc_fr":"Sentier de la rivière des Outaouais, le long de la promenade Sir-George-Étienne-Cartier","color":"#E6194B","distance_km":23.2,"minutes":82,"carfree_pct":81,"safety":"carfree","stop_minutes":3,"signals":15},"geometry":{"type":"LineString","coordinates":[[-75.69304,45.42104],[-75.69318,45.42098],[-75.69322,45.42096],[-75.69371,45.42076],[-75.69376,45.42074],[-75.69412,45.42059],[-75.69426,45.42053],[-75.69442,45.42047],[-75.69454,45.42041],[-75.69464,45.42037],[-75.69502,45.42021],[-75.6951,45.42018]]}},{"type":"Feature","properties":{"id":"orleans","name_en":"Orléans","name_fr":"Orléans","desc_en":"Ottawa River Pathway east along the Sir George-Étienne Cartier Parkway","desc_fr":"Sentier de la rivière des Outaouais, le long de la promenade Sir-George-Étienne-Cartier","color":"#E6194B","distance_km":23.2,"minutes":82,"carfree_pct":81,"safety":"road","stop_minutes":3,"signals":15},"geometry":{"type":"LineString","coordinates":[[-75.6951,45.42018],[-75.69519,45.42014],[-75.69581,45.41989],[-75.69591,45.41985],[-75.6963,45.41969],[-75.69697,45.41941],[-75.69693,45.41936],[-75.69692,45.41934],[-75.69691,45.41933]]}},{"type":"Feature","properties":{"id":"blackburn-hamlet","name_en":"Pineview","name_fr":"Pineview","desc_en":"West on Meadowbrook Road and Cyrville Road, then Kenaston Street to the Hurdman pathway","desc_fr":"Vers l’ouest par le chemin Meadowbrook et le chemin Cyrville, puis la rue Kenaston jusqu’au sentier de Hurdman","color":"#3CB44B","distance_km":10,"minutes":36,"carfree_pct":65,"safety":"road","stop_minutes":2,"signals":11},"geometry":{"type":"LineString","coordinates":[[-75.60279,45.42378],[-75.60277,45.42377]]}},{"type":"Feature","properties":{"id":"blackburn-hamlet","name_en":"Pineview","name_fr":"Pineview","desc_en":"West on Meadowbrook Road and Cyrville Road, then Kenaston Street to the Hurdman pathway","desc_fr":"Vers l’ouest par le chemin Meadowbrook et le chemin Cyrville, puis la rue Kenaston jusqu’au sentier de Hurdman","color":"#3CB44B","distance_km":10,"minutes":36,"carfree_pct":65,"safety":"carfree","stop_minutes":2,"signals":11},"geometry":{"type":"LineString","coordinates":[[-75.60277,45.42377],[-75.60283,45.4237],[-75.60321,45.42337],[-75.60338,45.42329],[-75.60361,45.42322],[-75.60386,45.42315],[-75.60434,45.42313],[-75.60486,45.42308],[-75.60489,45.42305],[-75.60497,45.42308],[-75.60505,45.42312],[-75.60511,45.42315],[-75.60517,45.42315],[-75.60528,45.42316]]}},{"type":"Feature","properties":{"id":"blackburn-hamlet","name_en":"Pineview","name_fr":"Pineview","desc_en":"West on Meadowbrook Road and Cyrville Road, then Kenaston Street to the Hurdman pathway","desc_fr":"Vers l’ouest par le chemin Meadowbrook et le chemin Cyrville, puis la rue Kenaston jusqu’au sentier de Hurdman","color":"#3CB44B","distance_km":10,"minutes":36,"carfree_pct":65,"safety":"road","stop_minutes":2,"signals":11},"geometry":{"type":"LineString","coordinates":[[-75.60528,45.42316],[-75.6053,45.42308],[-75.60537,45.42274],[-75.60535,45.42247],[-75.60534,45.42219],[-75.60533,45.42209],[-75.60535,45.42197],[-75.60542,45.42187],[-75.60558,45.42177],[-75.60574,45.4217],[-75.60611,45.42159],[-75.60706,45.42134],[-75.60709,45.42133],[-75.6072,45.4213],[-75.60737,45.42125],[-75.60835,45.42098],[-75.60937,45.42069],[-75.60938,45.42068],[-75.60949,45.42062],[-75.60942,45.42056],[-75.6094,45.42054],[-75.60927,45.42038],[-75.60914,45.42017],[-75.6088,45.41956],[-75.60878,45.41952],[-75.60862,45.4193],[-75.6085,45.41919],[-75.60845,45.41915],[-75.60802,45.41888],[-75.60791,45.41881],[-75.6078,45.41873],[-75.6077,45.41863],[-75.60763,45.41854],[-75.60758,45.41845],[-75.60756,45.41838],[-75.60754,45.41821],[-75.60758,45.418],[-75.60769,45.41773],[-75.60777,45.41763]]}},{"type":"Feature","properties":{"id":"blackburn-hamlet","name_en":"Pineview","name_fr":"Pineview","desc_en":"West on Meadowbrook Road and Cyrville Road, then Kenaston Street to the Hurdman pathway","desc_fr":"Vers l’ouest par le chemin Meadowbrook et le chemin Cyrville, puis la rue Kenaston jusqu’au sentier de Hurdman","color":"#3CB44B","distance_km":10,"minutes":36,"carfree_pct":65,"safety":"lane","stop_minutes":2,"signals":11},"geometry":{"type":"LineString","coordinates":[[-75.60777,45.41763],[-75.60792,45.41767],[-75.60814,45.41773],[-75.60848,45.41781],[-75.60859,45.41784],[-75.6088,45.41788],[-75.60895,45.41792],[-75.60917,45.41798],[-75.60932,45.41801],[-75.60973,45.41812],[-75.61002,45.4182],[-75.61004,45.4182],[-75.61022,45.41825],[-75.61025,45.41826],[-75.61042,45.41829]]}},{"type":"Feature","properties":{"id":"blackburn-hamlet","name_en":"Pineview","name_fr":"Pineview","desc_en":"West on Meadowbrook Road and Cyrville Road, then Kenaston Street to the Hurdman pathway","desc_fr":"Vers l’ouest par le chemin Meadowbrook et le chemin Cyrville, puis la rue Kenaston jusqu’au sentier de Hurdman","color":"#3CB44B","distance_km":10,"minutes":36,"carfree_pct":65,"safety":"carfree","stop_minutes":2,"signals":11},"geometry":{"type":"LineString","coordinates":[[-75.61042,45.41829],[-75.61052,45.41835],[-75.61057,45.41838],[-75.61103,45.41844],[-75.61131,45.41845],[-75.61172,45.41847],[-75.61225,45.41849],[-75.61245,45.4185],[-75.61284,45.41854],[-75.61306,45.41854]]}},{"type":"Feature","properties":{"id":"blackburn-hamlet","name_en":"Pineview","name_fr":"Pineview","desc_en":"West on Meadowbrook Road and Cyrville Road, then Kenaston Street to the Hurdman pathway","desc_fr":"Vers l’ouest par le chemin Meadowbrook et le chemin Cyrville, puis la rue Kenaston jusqu’au sentier de Hurdman","color":"#3CB44B","distance_km":10,"minutes":36,"carfree_pct":65,"safety":"lane","stop_minutes":2,"signals":11},"geometry":{"type":"LineString","coordinates":[[-75.61306,45.41854],[-75.61339,45.41861],[-75.61369,45.41869],[-75.61403,45.41879],[-75.61428,45.41889]]}},{"type":"Feature","properties":{"id":"blackburn-hamlet","name_en":"Pineview","name_fr":"Pineview","desc_en":"West on Meadowbrook Road and Cyrville Road, then Kenaston Street to the Hurdman pathway","desc_fr":"Vers l’ouest par le chemin Meadowbrook et le chemin Cyrville, puis la rue Kenaston jusqu’au sentier de Hurdman","color":"#3CB44B","distance_km":10,"minutes":36,"carfree_pct":65,"safety":"carfree","stop_minutes":2,"signals":11},"geometry":{"type":"LineString","coordinates":[[-75.61428,45.41889],[-75.6144,45.419],[-75.61507,45.41934],[-75.61564,45.4196],[-75.616,45.41972],[-75.61646,45.41986],[-75.61685,45.41997],[-75.61707,45.42003],[-75.61715,45.42007],[-75.61727,45.42013],[-75.61733,45.42014],[-75.61772,45.42024],[-75.61808,45.42034],[-75.61867,45.42049],[-75.61949,45.42071],[-75.61976,45.42078],[-75.62019,45.42091],[-75.62053,45.421],[-75.62133,45.42123],[-75.62195,45.4214],[-75.62267,45.4216],[-75.62283,45.42159],[-75.62293,45.42157]]}},{"type":"Feature","properties":{"id":"blackburn-hamlet","name_en":"Pineview","name_fr":"Pineview","desc_en":"West on Meadowbrook Road and Cyrville Road, then Kenaston Street to the Hurdman pathway","desc_fr":"Vers l’ouest par le chemin Meadowbrook et le chemin Cyrville, puis la rue Kenaston jusqu’au sentier de Hurdman","color":"#3CB44B","distance_km":10,"minutes":36,"carfree_pct":65,"safety":"lane","stop_minutes":2,"signals":11},"geometry":{"type":"LineString","coordinates":[[-75.62293,45.42157],[-75.62307,45.42161],[-75.62339,45.4217]]}},{"type":"Feature","properties":{"id":"blackburn-hamlet","name_en":"Pineview","name_fr":"Pineview","desc_en":"West on Meadowbrook Road and Cyrville Road, then Kenaston Street to the Hurdman pathway","desc_fr":"Vers l’ouest par le chemin Meadowbrook et le chemin Cyrville, puis la rue Kenaston jusqu’au sentier de Hurdman","color":"#3CB44B","distance_km":10,"minutes":36,"carfree_pct":65,"safety":"road","stop_minutes":2,"signals":11},"geometry":{"type":"LineString","coordinates":[[-75.62339,45.4217],[-75.62344,45.42163],[-75.62344,45.42162],[-75.62348,45.42157],[-75.62353,45.42148],[-75.62358,45.42138],[-75.62359,45.4213],[-75.62359,45.42122],[-75.62358,45.42119],[-75.62281,45.41982],[-75.62269,45.4196],[-75.62265,45.41947],[-75.62272,45.41937],[-75.6228,45.41933],[-75.62288,45.41931],[-75.6234,45.41918],[-75.62343,45.41916],[-75.62417,45.41887],[-75.62426,45.41882],[-75.62432,45.41876],[-75.62434,45.4187],[-75.62431,45.41863],[-75.62401,45.41806],[-75.62415,45.41802],[-75.62489,45.41783],[-75.62505,45.41779],[-75.62515,45.41776],[-75.62535,45.41771],[-75.62587,45.41754],[-75.62667,45.41732],[-75.62715,45.41719],[-75.62735,45.41713],[-75.62822,45.41689],[-75.62857,45.41681],[-75.62874,45.41677],[-75.62916,45.41665],[-75.62934,45.41697],[-75.62948,45.41723],[-75.62994,45.41806],[-75.6301,45.41837],[-75.63037,45.41885],[-75.63151,45.41892],[-75.63175,45.41893],[-75.63251,45.41897],[-75.63253,45.41897],[-75.63271,45.41898],[-75.63269,45.41904]]}},{"type":"Feature","properties":{"id":"blackburn-hamlet","name_en":"Pineview","name_fr":"Pineview","desc_en":"West on Meadowbrook Road and Cyrville Road, then Kenaston Street to the Hurdman pathway","desc_fr":"Vers l’ouest par le chemin Meadowbrook et le chemin Cyrville, puis la rue Kenaston jusqu’au sentier de Hurdman","color":"#3CB44B","distance_km":10,"minutes":36,"carfree_pct":65,"safety":"carfree","stop_minutes":2,"signals":11},"geometry":{"type":"LineString","coordinates":[[-75.63269,45.41904],[-75.63331,45.41906],[-75.63352,45.41906],[-75.63362,45.41906],[-75.63377,45.41907],[-75.63408,45.41911],[-75.63414,45.41911]]}},{"type":"Feature","properties":{"id":"blackburn-hamlet","name_en":"Pineview","name_fr":"Pineview","desc_en":"West on Meadowbrook Road and Cyrville Road, then Kenaston Street to the Hurdman pathway","desc_fr":"Vers l’ouest par le chemin Meadowbrook et le chemin Cyrville, puis la rue Kenaston jusqu’au sentier de Hurdman","color":"#3CB44B","distance_km":10,"minutes":36,"carfree_pct":65,"safety":"road","stop_minutes":2,"signals":11},"geometry":{"type":"LineString","coordinates":[[-75.63414,45.41911],[-75.63418,45.41911],[-75.63422,45.41912],[-75.63431,45.41928],[-75.63435,45.41927],[-75.63441,45.41926],[-75.63458,45.41921],[-75.63469,45.41919],[-75.63472,45.41916],[-75.63473,45.41912],[-75.63474,45.41909],[-75.63474,45.41906],[-75.63475,45.41903]]}},{"type":"Feature","properties":{"id":"blackburn-hamlet","name_en":"Pineview","name_fr":"Pineview","desc_en":"West on Meadowbrook Road and Cyrville Road, then Kenaston Street to the Hurdman pathway","desc_fr":"Vers l’ouest par le chemin Meadowbrook et le chemin Cyrville, puis la rue Kenaston jusqu’au sentier de Hurdman","color":"#3CB44B","distance_km":10,"minutes":36,"carfree_pct":65,"safety":"carfree","stop_minutes":2,"signals":11},"geometry":{"type":"LineString","coordinates":[[-75.63475,45.41903],[-75.63477,45.41899],[-75.63481,45.41896],[-75.63524,45.41894],[-75.63756,45.41927],[-75.63798,45.41932],[-75.6382,45.41932],[-75.63837,45.41931],[-75.63939,45.41925],[-75.63953,45.41928],[-75.64033,45.41923],[-75.64162,45.41913],[-75.64228,45.41908],[-75.64557,45.41885],[-75.64606,45.41883],[-75.64644,45.4188],[-75.64678,45.41881],[-75.64681,45.4188],[-75.64683,45.41877],[-75.64701,45.41876],[-75.64722,45.41875],[-75.64731,45.41877],[-75.64739,45.41877],[-75.64894,45.41869],[-75.64963,45.41861],[-75.65027,45.4186],[-75.65089,45.41857],[-75.65132,45.41855],[-75.65167,45.41855],[-75.65181,45.41853],[-75.65181,45.41844],[-75.65182,45.41833],[-75.65182,45.41826],[-75.65191,45.41824],[-75.65203,45.41823],[-75.65213,45.41821],[-75.65218,45.41818],[-75.65222,45.41816],[-75.65224,45.41809],[-75.65227,45.41799],[-75.65229,45.41795],[-75.65231,45.41793],[-75.65238,45.41789],[-75.65244,45.41785],[-75.6525,45.41782],[-75.65259,45.41778],[-75.65298,45.41761],[-75.65315,45.41753],[-75.65392,45.41719],[-75.65406,45.4171],[-75.65423,45.41698],[-75.65437,45.41683],[-75.65449,45.41665],[-75.65465,45.41648],[-75.65471,45.41643],[-75.65481,45.41637],[-75.65515,45.4162],[-75.65569,45.41584],[-75.65598,45.4157],[-75.65618,45.41563],[-75.65643,45.41559],[-75.65716,45.41553],[-75.65772,45.41553],[-75.65823,45.41552],[-75.65857,45.41551],[-75.65866,45.41551],[-75.65881,45.41553],[-75.65911,45.41553],[-75.65935,45.4155],[-75.65958,45.41545],[-75.65979,45.41539],[-75.65993,45.41533],[-75.66024,45.41515],[-75.66032,45.41508],[-75.66045,45.41496],[-75.66053,45.41486],[-75.66063,45.41469],[-75.66068,45.41454],[-75.66074,45.41431],[-75.66079,45.41418],[-75.66089,45.41399],[-75.66114,45.41343],[-75.66124,45.41317],[-75.66127,45.4131],[-75.66137,45.41298],[-75.66151,45.41288],[-75.66183,45.41277],[-75.66203,45.41273],[-75.66317,45.41266],[-75.66369,45.41268],[-75.66377,45.41267],[-75.66393,45.41263],[-75.66401,45.4126],[-75.66414,45.41258],[-75.66436,45.41257],[-75.6645,45.41256],[-75.66487,45.41257],[-75.66511,45.41256],[-75.66527,45.41253],[-75.66551,45.4125],[-75.66639,45.41243],[-75.66663,45.41243],[-75.66675,45.41245],[-75.66686,45.41247],[-75.66711,45.41253],[-75.66727,45.4126],[-75.66749,45.41274],[-75.66768,45.41294],[-75.66776,45.41299],[-75.6679,45.41314],[-75.66801,45.4133],[-75.66814,45.41347],[-75.66888,45.41483],[-75.66891,45.41488],[-75.66928,45.41558],[-75.6694,45.41577],[-75.66945,45.41584],[-75.66957,45.41596],[-75.66962,45.41601],[-75.66967,45.41605],[-75.66983,45.41616],[-75.66996,45.41623],[-75.67015,45.41631],[-75.67027,45.4164],[-75.67066,45.41655],[-75.67141,45.41683],[-75.67223,45.41713],[-75.67272,45.41732],[-75.67313,45.41747],[-75.67385,45.41774],[-75.67392,45.41777],[-75.67403,45.41783],[-75.67416,45.41789],[-75.67453,45.418],[-75.67459,45.41801],[-75.67485,45.41804],[-75.67503,45.41809],[-75.6751,45.41811],[-75.67606,45.41839],[-75.67706,45.41869],[-75.67733,45.41876],[-75.67815,45.41893],[-75.67817,45.41894],[-75.67906,45.41914],[-75.67946,45.41925],[-75.67967,45.41931],[-75.68005,45.41947],[-75.68018,45.41951],[-75.68046,45.41964],[-75.6809,45.41987],[-75.68124,45.42005],[-75.68136,45.4201],[-75.68142,45.42014],[-75.68153,45.42025],[-75.68166,45.42036],[-75.68192,45.42054],[-75.68208,45.4207],[-75.68224,45.42078],[-75.68233,45.42083],[-75.68236,45.42085],[-75.68226,45.42093],[-75.68221,45.42102],[-75.68227,45.4211],[-75.68241,45.42127],[-75.68266,45.42116],[-75.68292,45.42105],[-75.68303,45.42101],[-75.68395,45.42147],[-75.68442,45.42171],[-75.68521,45.42215],[-75.68533,45.42223],[-75.68546,45.42234],[-75.68555,45.42244],[-75.68579,45.42262],[-75.6859,45.42276],[-75.68601,45.42292],[-75.68609,45.42308],[-75.68614,45.42317],[-75.68631,45.42347],[-75.68633,45.4235],[-75.68644,45.42368],[-75.68646,45.42371],[-75.68649,45.42375],[-75.68651,45.42379]]}},{"type":"Feature","properties":{"id":"blackburn-hamlet","name_en":"Pineview","name_fr":"Pineview","desc_en":"West on Meadowbrook Road and Cyrville Road, then Kenaston Street to the Hurdman pathway","desc_fr":"Vers l’ouest par le chemin Meadowbrook et le chemin Cyrville, puis la rue Kenaston jusqu’au sentier de Hurdman","color":"#3CB44B","distance_km":10,"minutes":36,"carfree_pct":65,"safety":"lane","stop_minutes":2,"signals":11},"geometry":{"type":"LineString","coordinates":[[-75.68651,45.42379],[-75.68656,45.42377],[-75.68661,45.42374],[-75.68666,45.42372],[-75.68674,45.42368],[-75.68682,45.42364],[-75.68731,45.42341],[-75.68735,45.42339],[-75.6875,45.42332],[-75.68762,45.42326],[-75.68775,45.4232],[-75.68778,45.42319],[-75.68782,45.42317],[-75.6881,45.42305],[-75.68822,45.423],[-75.68866,45.42282],[-75.68925,45.42257],[-75.68993,45.4223],[-75.6903,45.42214],[-75.6905,45.42205],[-75.69128,45.42176],[-75.69148,45.42168],[-75.69181,45.42155],[-75.69207,45.42144],[-75.69266,45.42121],[-75.69272,45.42119],[-75.69288,45.42112],[-75.69304,45.42104]]}},{"type":"Feature","properties":{"id":"blackburn-hamlet","name_en":"Pineview","name_fr":"Pineview","desc_en":"West on Meadowbrook Road and Cyrville Road, then Kenaston Street to the Hurdman pathway","desc_fr":"Vers l’ouest par le chemin Meadowbrook et le chemin Cyrville, puis la rue Kenaston jusqu’au sentier de Hurdman","color":"#3CB44B","distance_km":10,"minutes":36,"carfree_pct":65,"safety":"carfree","stop_minutes":2,"signals":11},"geometry":{"type":"LineString","coordinates":[[-75.69304,45.42104],[-75.69318,45.42098],[-75.69322,45.42096],[-75.69371,45.42076],[-75.69376,45.42074],[-75.69412,45.42059],[-75.69426,45.42053],[-75.69442,45.42047],[-75.69454,45.42041],[-75.69464,45.42037],[-75.69502,45.42021],[-75.6951,45.42018]]}},{"type":"Feature","properties":{"id":"blackburn-hamlet","name_en":"Pineview","name_fr":"Pineview","desc_en":"West on Meadowbrook Road and Cyrville Road, then Kenaston Street to the Hurdman pathway","desc_fr":"Vers l’ouest par le chemin Meadowbrook et le chemin Cyrville, puis la rue Kenaston jusqu’au sentier de Hurdman","color":"#3CB44B","distance_km":10,"minutes":36,"carfree_pct":65,"safety":"road","stop_minutes":2,"signals":11},"geometry":{"type":"LineString","coordinates":[[-75.6951,45.42018],[-75.69519,45.42014],[-75.69581,45.41989],[-75.69591,45.41985],[-75.6963,45.41969],[-75.69697,45.41941],[-75.69693,45.41936],[-75.69692,45.41934],[-75.69691,45.41933]]}},{"type":"Feature","properties":{"id":"stittsville","name_en":"Stittsville / Kanata South","name_fr":"Stittsville / Kanata Sud","desc_en":"Trans Canada Trail through Bells Corners, joining the Watts Creek Pathway","desc_fr":"Sentier transcanadien via Bells Corners, rejoignant le sentier du ruisseau Watts","color":"#911EB4","distance_km":31.2,"minutes":116,"carfree_pct":97,"safety":"carfree","stop_minutes":4,"signals":21},"geometry":{"type":"LineString","coordinates":[[-75.91103,45.26429],[-75.90948,45.26527],[-75.90944,45.26533],[-75.9094,45.26547],[-75.90934,45.26556],[-75.90931,45.2656],[-75.90928,45.26563],[-75.90918,45.26569],[-75.9091,45.26573],[-75.90901,45.26579],[-75.90888,45.26588],[-75.90884,45.26589],[-75.90878,45.2659],[-75.9085,45.26589],[-75.90845,45.2659],[-75.90714,45.26673],[-75.90609,45.26739],[-75.90538,45.26784],[-75.90496,45.26811],[-75.90284,45.26947],[-75.90159,45.27022],[-75.90056,45.2709],[-75.89866,45.27208],[-75.89813,45.27241],[-75.89797,45.27252],[-75.89665,45.27333],[-75.89584,45.27383],[-75.89576,45.27389],[-75.89561,45.27392],[-75.89552,45.27397],[-75.89545,45.27403],[-75.89542,45.27405],[-75.89539,45.27407],[-75.89536,45.27409],[-75.8953,45.27412],[-75.89522,45.27416],[-75.89516,45.27421],[-75.89515,45.27425],[-75.89509,45.27431],[-75.89487,45.27445],[-75.8929,45.27569],[-75.88852,45.27843],[-75.88576,45.28016]]}},{"type":"Feature","properties":{"id":"stittsville","name_en":"Stittsville / Kanata South","name_fr":"Stittsville / Kanata Sud","desc_en":"Trans Canada Trail through Bells Corners, joining the Watts Creek Pathway","desc_fr":"Sentier transcanadien via Bells Corners, rejoignant le sentier du ruisseau Watts","color":"#911EB4","distance_km":31.2,"minutes":116,"carfree_pct":97,"safety":"road","stop_minutes":4,"signals":21},"geometry":{"type":"LineString","coordinates":[[-75.88576,45.28016],[-75.88569,45.28021],[-75.8856,45.28027]]}},{"type":"Feature","properties":{"id":"stittsville","name_en":"Stittsville / Kanata South","name_fr":"Stittsville / Kanata Sud","desc_en":"Trans Canada Trail through Bells Corners, joining the Watts Creek Pathway","desc_fr":"Sentier transcanadien via Bells Corners, rejoignant le sentier du ruisseau Watts","color":"#911EB4","distance_km":31.2,"minutes":116,"carfree_pct":97,"safety":"carfree","stop_minutes":4,"signals":21},"geometry":{"type":"LineString","coordinates":[[-75.8856,45.28027],[-75.88421,45.28116],[-75.88273,45.28208],[-75.88256,45.28219],[-75.88242,45.28227],[-75.88238,45.28229],[-75.88234,45.28232],[-75.88223,45.28238],[-75.88117,45.28305],[-75.88026,45.28363],[-75.87961,45.28404],[-75.87906,45.28438],[-75.87709,45.28562],[-75.87628,45.28616],[-75.87497,45.28716],[-75.8743,45.28774],[-75.87359,45.28848],[-75.87296,45.28912],[-75.87217,45.28991],[-75.87031,45.29182],[-75.87025,45.29188],[-75.86982,45.29107],[-75.86974,45.29109],[-75.86959,45.29114],[-75.86952,45.29115],[-75.87004,45.2921],[-75.86999,45.29214],[-75.8688,45.29335],[-75.86515,45.29707],[-75.86315,45.2991],[-75.8616,45.30068],[-75.85882,45.30351],[-75.85818,45.30419],[-75.85791,45.30446],[-75.85761,45.30476],[-75.8537,45.30874],[-75.85182,45.31067],[-75.84872,45.31382],[-75.84656,45.31598],[-75.84634,45.31621],[-75.84624,45.31632],[-75.84608,45.31649],[-75.84512,45.31745],[-75.84512,45.31745],[-75.84498,45.31758],[-75.84511,45.3176],[-75.84518,45.31755],[-75.84526,45.31747],[-75.84531,45.31742],[-75.84538,45.31737],[-75.8458,45.31717],[-75.84594,45.31717],[-75.84602,45.31714],[-75.84668,45.31684],[-75.84673,45.31682],[-75.84693,45.31682],[-75.84698,45.31681],[-75.84708,45.31675],[-75.84749,45.31649],[-75.84755,45.31646],[-75.84759,45.31645],[-75.84767,45.31647],[-75.84772,45.3165],[-75.84776,45.31654],[-75.84821,45.31714],[-75.84842,45.31742],[-75.84849,45.31749],[-75.84856,45.31754],[-75.84861,45.31756],[-75.84869,45.31758],[-75.84874,45.31759],[-75.8488,45.31758],[-75.84889,45.31756],[-75.84904,45.31747],[-75.84913,45.31744],[-75.8492,45.31743],[-75.84929,45.31745],[-75.84935,45.31748],[-75.84942,45.31752],[-75.84954,45.31769],[-75.84958,45.31774],[-75.84961,45.31776],[-75.84965,45.31778],[-75.84972,45.31779],[-75.85022,45.31789],[-75.8503,45.31792],[-75.85036,45.31795],[-75.85058,45.31817],[-75.85061,45.31819],[-75.85075,45.31824],[-75.85096,45.31831],[-75.85099,45.31833],[-75.85122,45.31851],[-75.85146,45.3187],[-75.85164,45.31888],[-75.85201,45.31931],[-75.85222,45.31947],[-75.85246,45.31962],[-75.8525,45.31965],[-75.8525,45.31977],[-75.85248,45.32002],[-75.85239,45.32027],[-75.85237,45.32033],[-75.85234,45.32037],[-75.8522,45.3205],[-75.85215,45.32057],[-75.85214,45.32063],[-75.85215,45.32071],[-75.85219,45.3208],[-75.85225,45.32087],[-75.85228,45.3209],[-75.85231,45.32093],[-75.85243,45.32107],[-75.85246,45.32109],[-75.85254,45.3211],[-75.85273,45.32108],[-75.85279,45.32108],[-75.85287,45.3211],[-75.85296,45.32112],[-75.85331,45.32135],[-75.85341,45.32139],[-75.85355,45.32142],[-75.85385,45.32147],[-75.85399,45.32151],[-75.8541,45.32158],[-75.85429,45.3218],[-75.85436,45.32186],[-75.85445,45.32192],[-75.85458,45.32197],[-75.85473,45.32199],[-75.85493,45.32202],[-75.85506,45.32203],[-75.85516,45.32203],[-75.8554,45.32198],[-75.85549,45.32197],[-75.85555,45.32198],[-75.85568,45.322],[-75.85575,45.322],[-75.8562,45.32195],[-75.8564,45.32195],[-75.85645,45.32196],[-75.85655,45.32198],[-75.85667,45.32205],[-75.85695,45.32226],[-75.85702,45.32236],[-75.85706,45.32246],[-75.85706,45.3226],[-75.85713,45.32303],[-75.85714,45.32318],[-75.85721,45.32335],[-75.85729,45.32344],[-75.85765,45.32364],[-75.85775,45.32377],[-75.85779,45.32395],[-75.85778,45.3242],[-75.85779,45.32425],[-75.85781,45.3243],[-75.85787,45.32437],[-75.85795,45.32441],[-75.85832,45.32454],[-75.85861,45.32468],[-75.85881,45.3248],[-75.85886,45.32486],[-75.85887,45.32491],[-75.85887,45.32496],[-75.85885,45.32502],[-75.85883,45.32507],[-75.85864,45.32552],[-75.85862,45.3256],[-75.85866,45.32584],[-75.8587,45.32594],[-75.85875,45.32604],[-75.85886,45.32617],[-75.85902,45.32625],[-75.85916,45.3263],[-75.85926,45.32631],[-75.85962,45.32629],[-75.85977,45.32631],[-75.86025,45.32652],[-75.86033,45.32656],[-75.86041,45.32665],[-75.86048,45.32697],[-75.86038,45.32729],[-75.86038,45.3275],[-75.86044,45.32768],[-75.86062,45.3279],[-75.86078,45.32816],[-75.86093,45.3287],[-75.86107,45.32912],[-75.86108,45.32918],[-75.86108,45.32926],[-75.86107,45.32929],[-75.86104,45.32932],[-75.86097,45.32937],[-75.86038,45.32968],[-75.8602,45.32985],[-75.86012,45.32992],[-75.85721,45.33113],[-75.85711,45.33115],[-75.85688,45.33114],[-75.85673,45.33116],[-75.85668,45.33118],[-75.8565,45.33128],[-75.85643,45.33131],[-75.85638,45.33132],[-75.85631,45.33133],[-75.8549,45.33132],[-75.85482,45.33133],[-75.85473,45.33137],[-75.85469,45.33139],[-75.85464,45.33145],[-75.85463,45.33148],[-75.8546,45.33173],[-75.85458,45.33194],[-75.8546,45.33199],[-75.85462,45.33204],[-75.85466,45.33208],[-75.85471,45.33213],[-75.85478,45.33219],[-75.85485,45.33222],[-75.85492,45.33223],[-75.85502,45.33224],[-75.85557,45.33223],[-75.85565,45.33225],[-75.85573,45.33227],[-75.85635,45.33255],[-75.85652,45.33265],[-75.85679,45.33306],[-75.85685,45.33316],[-75.85688,45.3332],[-75.85691,45.33324],[-75.85694,45.33329],[-75.857,45.33333],[-75.85703,45.33334],[-75.85708,45.33334],[-75.85712,45.33333],[-75.85732,45.33327],[-75.85737,45.33327],[-75.85742,45.33328],[-75.8575,45.33331],[-75.85764,45.3334],[-75.8584,45.33393],[-75.85847,45.33399],[-75.85855,45.33409],[-75.85862,45.33416],[-75.85872,45.3342],[-75.8588,45.33424],[-75.85892,45.33433],[-75.85985,45.3351],[-75.85993,45.33518],[-75.86,45.33527],[-75.8601,45.33538],[-75.86039,45.33558],[-75.86056,45.33571],[-75.86091,45.33607],[-75.86115,45.33636],[-75.86133,45.33656],[-75.86156,45.33681],[-75.8616,45.33684],[-75.86165,45.33688],[-75.86171,45.3369],[-75.86175,45.3369],[-75.86187,45.3369],[-75.8619,45.3369],[-75.86195,45.33693],[-75.86207,45.33707],[-75.8623,45.33725],[-75.86265,45.3375],[-75.86332,45.33818],[-75.8634,45.3382],[-75.86357,45.33822],[-75.8637,45.33823],[-75.86384,45.33826],[-75.86424,45.33839],[-75.86481,45.33865],[-75.8651,45.33874],[-75.86532,45.33876],[-75.86556,45.3388],[-75.86574,45.33885],[-75.86629,45.33903],[-75.86655,45.33903],[-75.86672,45.33903],[-75.86691,45.33904],[-75.86754,45.33919],[-75.86821,45.33929],[-75.86825,45.3393],[-75.86845,45.33928],[-75.86865,45.33925],[-75.86879,45.33924],[-75.86906,45.33929],[-75.86924,45.33929],[-75.86968,45.33929],[-75.8701,45.33936],[-75.87033,45.3394],[-75.87054,45.33947],[-75.87063,45.33951],[-75.87068,45.33956],[-75.87071,45.33964],[-75.87069,45.33991],[-75.87071,45.34002],[-75.87072,45.34007],[-75.86984,45.34016],[-75.8695,45.34017],[-75.86921,45.34016],[-75.8661,45.3405],[-75.86517,45.3406],[-75.86459,45.34071],[-75.86327,45.34086],[-75.86259,45.34094],[-75.86164,45.34102],[-75.85962,45.3412],[-75.857,45.3414],[-75.85443,45.34161],[-75.85355,45.34168],[-75.85213,45.34178],[-75.85017,45.34195],[-75.84849,45.34209],[-75.84729,45.3422],[-75.84315,45.34255],[-75.84308,45.34255],[-75.84306,45.34264],[-75.84304,45.34272],[-75.84297,45.34284],[-75.84292,45.34291],[-75.84261,45.34313],[-75.84249,45.343],[-75.84237,45.34301],[-75.84222,45.34302],[-75.84212,45.34303],[-75.84202,45.34306],[-75.84193,45.34307],[-75.84187,45.34306],[-75.84181,45.34304],[-75.84168,45.34299],[-75.84162,45.34298],[-75.84153,45.34297],[-75.84143,45.34296],[-75.84128,45.34294],[-75.84106,45.34294],[-75.84092,45.34294],[-75.84066,45.34298],[-75.84055,45.34297],[-75.8405,45.34295],[-75.8403,45.34287],[-75.84025,45.34284],[-75.84018,45.34277],[-75.84001,45.34259],[-75.83984,45.34246],[-75.83975,45.34242],[-75.83965,45.34239],[-75.83942,45.34235],[-75.83937,45.34233],[-75.8393,45.34228],[-75.83917,45.34219],[-75.83892,45.34198],[-75.83883,45.34193],[-75.83871,45.34188],[-75.8385,45.34182],[-75.83823,45.34178],[-75.83818,45.34177],[-75.83794,45.34164],[-75.83773,45.34157],[-75.83769,45.34156],[-75.83745,45.34156],[-75.83722,45.34155],[-75.83707,45.34151],[-75.837,45.34151],[-75.83697,45.34146],[-75.83693,45.3414],[-75.8369,45.34136],[-75.83675,45.34121],[-75.83668,45.34115],[-75.83664,45.34114],[-75.83657,45.34114],[-75.83642,45.34115],[-75.83585,45.34121],[-75.83561,45.34125],[-75.83555,45.34126],[-75.83547,45.34129],[-75.83541,45.34132],[-75.83494,45.34165],[-75.83482,45.34172],[-75.8347,45.34178],[-75.83445,45.34186],[-75.83433,45.34189],[-75.83388,45.34195],[-75.83333,45.34195],[-75.83325,45.34196],[-75.83314,45.34202],[-75.83295,45.34217],[-75.83285,45.34223],[-75.83254,45.34236],[-75.83231,45.34244],[-75.83223,45.34247],[-75.83215,45.34252],[-75.83209,45.34256],[-75.83205,45.34261],[-75.83196,45.34273],[-75.8318,45.3429],[-75.83165,45.34296],[-75.83155,45.34299],[-75.83148,45.343],[-75.83142,45.343],[-75.83131,45.34299],[-75.83104,45.34287],[-75.83082,45.3428],[-75.83077,45.34279],[-75.83065,45.34279],[-75.8305,45.34281],[-75.83036,45.34285],[-75.83031,45.34287],[-75.83019,45.34286],[-75.8301,45.34284],[-75.83005,45.34282],[-75.83002,45.3428],[-75.82996,45.34274],[-75.82983,45.34248],[-75.8298,45.34244],[-75.82974,45.34241],[-75.82967,45.34238],[-75.82958,45.34236],[-75.82949,45.34237],[-75.82939,45.34238],[-75.82928,45.34241],[-75.82911,45.34247],[-75.82905,45.3425],[-75.82877,45.34267],[-75.8287,45.34272],[-75.82856,45.34288],[-75.82847,45.34294],[-75.8283,45.34303],[-75.8282,45.34307],[-75.82804,45.3431],[-75.82792,45.34312],[-75.82785,45.34312],[-75.82765,45.34309],[-75.82748,45.34304],[-75.82719,45.34293],[-75.82712,45.34292],[-75.82701,45.34291],[-75.82694,45.34291],[-75.82688,45.34293],[-75.82672,45.34302],[-75.8267,45.34304],[-75.82667,45.34309],[-75.82666,45.34314],[-75.8266,45.34343],[-75.82655,45.34351],[-75.8265,45.34355],[-75.82647,45.34357],[-75.82641,45.34359],[-75.82623,45.34362],[-75.82607,45.34361],[-75.82593,45.34359],[-75.82553,45.34348],[-75.82536,45.34344],[-75.82509,45.34344],[-75.82487,45.34346],[-75.82405,45.3436],[-75.8234,45.34374],[-75.82242,45.34398],[-75.82211,45.34403],[-75.82171,45.34408],[-75.82106,45.34412],[-75.82076,45.34414],[-75.82046,45.34418],[-75.82017,45.34423],[-75.8198,45.34434],[-75.81967,45.34437],[-75.81958,45.34438],[-75.81936,45.3444],[-75.81918,45.34443],[-75.81912,45.34444],[-75.8189,45.34454],[-75.8187,45.3447],[-75.81865,45.34474],[-75.81848,45.34493],[-75.81833,45.34509],[-75.81822,45.34522],[-75.81795,45.34554],[-75.81722,45.34644],[-75.81721,45.34647],[-75.81722,45.34651],[-75.81724,45.34657],[-75.8173,45.34662],[-75.81738,45.34666]]}},{"type":"Feature","properties":{"id":"stittsville","name_en":"Stittsville / Kanata South","name_fr":"Stittsville / Kanata Sud","desc_en":"Trans Canada Trail through Bells Corners, joining the Watts Creek Pathway","desc_fr":"Sentier transcanadien via Bells Corners, rejoignant le sentier du ruisseau Watts","color":"#911EB4","distance_km":31.2,"minutes":116,"carfree_pct":97,"safety":"road","stop_minutes":4,"signals":21},"geometry":{"type":"LineString","coordinates":[[-75.81738,45.34666],[-75.81729,45.34676],[-75.81724,45.3468]]}},{"type":"Feature","properties":{"id":"stittsville","name_en":"Stittsville / Kanata South","name_fr":"Stittsville / Kanata Sud","desc_en":"Trans Canada Trail through Bells Corners, joining the Watts Creek Pathway","desc_fr":"Sentier transcanadien via Bells Corners, rejoignant le sentier du ruisseau Watts","color":"#911EB4","distance_km":31.2,"minutes":116,"carfree_pct":97,"safety":"carfree","stop_minutes":4,"signals":21},"geometry":{"type":"LineString","coordinates":[[-75.81724,45.3468],[-75.81719,45.34687],[-75.817,45.34707],[-75.81693,45.3471],[-75.81688,45.34712],[-75.81674,45.34715],[-75.81669,45.34717],[-75.81662,45.34718],[-75.81652,45.34723],[-75.81623,45.34754],[-75.81528,45.34868],[-75.81501,45.34901],[-75.81362,45.35049],[-75.81342,45.35066],[-75.8127,45.35145],[-75.81257,45.35159],[-75.81235,45.35171],[-75.81233,45.35173],[-75.81232,45.35175],[-75.81232,45.35176],[-75.81236,45.35181],[-75.81239,45.35185],[-75.81247,45.35193],[-75.81252,45.35199],[-75.81255,45.35204],[-75.81254,45.35206],[-75.81253,45.35207],[-75.81244,45.3521],[-75.81214,45.35222],[-75.81193,45.35235],[-75.81186,45.3524],[-75.81172,45.35252],[-75.81088,45.35342],[-75.81055,45.35376],[-75.81008,45.35427],[-75.80987,45.35449],[-75.80863,45.35581],[-75.80745,45.35708],[-75.80581,45.35884],[-75.80515,45.35954],[-75.80386,45.36093],[-75.80347,45.36133],[-75.80326,45.36154],[-75.80263,45.36214],[-75.80201,45.36267],[-75.80137,45.36315],[-75.80118,45.3633],[-75.80114,45.36333],[-75.80105,45.36339],[-75.80022,45.36396],[-75.79926,45.36453],[-75.79862,45.3649],[-75.79848,45.36498],[-75.79797,45.36527],[-75.79781,45.36534],[-75.79772,45.36537],[-75.79764,45.36538],[-75.79745,45.36538],[-75.7973,45.36539],[-75.79717,45.36541],[-75.79681,45.36555],[-75.79667,45.36558],[-75.79658,45.3656],[-75.79654,45.36563],[-75.79648,45.36566],[-75.79644,45.36569],[-75.79641,45.36573],[-75.79636,45.36579],[-75.79635,45.36584],[-75.7963,45.36604],[-75.79625,45.36614],[-75.79617,45.36624],[-75.79611,45.36629],[-75.79604,45.36633],[-75.79582,45.36645],[-75.79295,45.36805],[-75.79182,45.36868],[-75.79163,45.36879],[-75.79149,45.36887],[-75.78966,45.3699],[-75.78834,45.37063],[-75.78755,45.37106],[-75.78727,45.3712],[-75.78694,45.37134],[-75.78683,45.37142],[-75.78671,45.37154],[-75.78665,45.37158],[-75.78651,45.37167],[-75.78645,45.37175],[-75.78643,45.37184],[-75.78643,45.37192],[-75.78649,45.37214],[-75.78651,45.37223],[-75.78648,45.37229],[-75.78643,45.37235],[-75.7862,45.37256],[-75.78616,45.37261],[-75.78606,45.37273],[-75.78601,45.37284],[-75.78596,45.37296],[-75.78592,45.37312],[-75.78587,45.37364],[-75.78585,45.37373],[-75.78582,45.37378],[-75.78573,45.3739],[-75.78563,45.374],[-75.78557,45.37404],[-75.78544,45.37415],[-75.78531,45.37423],[-75.78478,45.37452],[-75.78431,45.37481],[-75.78422,45.37485],[-75.78393,45.37499],[-75.78359,45.37513],[-75.78218,45.37562],[-75.78183,45.37575],[-75.78162,45.37586],[-75.78147,45.37596],[-75.78129,45.37611],[-75.78107,45.37637],[-75.78091,45.37652],[-75.7808,45.37659],[-75.78058,45.37671],[-75.7805,45.37675],[-75.78046,45.37679],[-75.77998,45.37741],[-75.77976,45.37776],[-75.77971,45.37791],[-75.77959,45.3783],[-75.77953,45.3784],[-75.77948,45.37846],[-75.77905,45.37894],[-75.77895,45.37904],[-75.77876,45.37915],[-75.77859,45.37925],[-75.77849,45.37935],[-75.77823,45.3797],[-75.77812,45.37982],[-75.77775,45.38006],[-75.77767,45.38014],[-75.7776,45.38026],[-75.77752,45.38042],[-75.77739,45.38078],[-75.7773,45.3811],[-75.77722,45.38146],[-75.77714,45.38172],[-75.77705,45.38191],[-75.77696,45.38206],[-75.77681,45.38226],[-75.77663,45.38244],[-75.77642,45.38264],[-75.77628,45.38274],[-75.77614,45.38283],[-75.77582,45.38301],[-75.77553,45.38313],[-75.77516,45.38325],[-75.77476,45.38333],[-75.77432,45.38339],[-75.77386,45.38342],[-75.77269,45.38345],[-75.77238,45.38347],[-75.77194,45.38348],[-75.77166,45.38352],[-75.77142,45.38358],[-75.771,45.38374],[-75.77076,45.38385],[-75.77054,45.38397],[-75.76993,45.38431],[-75.76964,45.38452],[-75.76942,45.3847],[-75.76917,45.38494],[-75.7687,45.38544],[-75.76852,45.38562],[-75.76824,45.38586],[-75.76696,45.38687],[-75.76669,45.38709],[-75.76645,45.38732],[-75.76622,45.38757],[-75.76605,45.38778],[-75.76589,45.388],[-75.76584,45.38809],[-75.76574,45.3883],[-75.76558,45.38856],[-75.76547,45.38868],[-75.76517,45.38889],[-75.76498,45.38907],[-75.76457,45.3895],[-75.76433,45.38971],[-75.76405,45.38994],[-75.76399,45.38999],[-75.76356,45.39029],[-75.76319,45.39053],[-75.76295,45.39071],[-75.76271,45.39087],[-75.76237,45.39114],[-75.76211,45.39138],[-75.76202,45.39147],[-75.76192,45.39159],[-75.76174,45.39184],[-75.76155,45.39218],[-75.76143,45.39241],[-75.76137,45.39256],[-75.76125,45.39294],[-75.7607,45.39474],[-75.76068,45.39484],[-75.76061,45.39517],[-75.76058,45.39549],[-75.76059,45.39558],[-75.76061,45.3957],[-75.76062,45.39576],[-75.76074,45.39596],[-75.76087,45.39607],[-75.7609,45.39598],[-75.76091,45.3959],[-75.76095,45.39585],[-75.76099,45.39582],[-75.76107,45.39577],[-75.76109,45.39574],[-75.7611,45.39571],[-75.76107,45.39565],[-75.76099,45.3956],[-75.76092,45.3956],[-75.76083,45.39559],[-75.76063,45.39563],[-75.76025,45.39574],[-75.7599,45.39585],[-75.75983,45.39587],[-75.75969,45.3959]]}},{"type":"Feature","properties":{"id":"stittsville","name_en":"Stittsville / Kanata South","name_fr":"Stittsville / Kanata Sud","desc_en":"Trans Canada Trail through Bells Corners, joining the Watts Creek Pathway","desc_fr":"Sentier transcanadien via Bells Corners, rejoignant le sentier du ruisseau Watts","color":"#911EB4","distance_km":31.2,"minutes":116,"carfree_pct":97,"safety":"road","stop_minutes":4,"signals":21},"geometry":{"type":"LineString","coordinates":[[-75.75969,45.3959],[-75.75967,45.39592],[-75.75963,45.39594],[-75.75951,45.39598],[-75.75927,45.39605],[-75.75883,45.39617],[-75.75872,45.3962],[-75.75862,45.39623],[-75.75778,45.39647],[-75.75696,45.3967],[-75.75687,45.39672],[-75.75681,45.39673],[-75.7566,45.39638],[-75.75655,45.3963],[-75.75651,45.39624],[-75.75612,45.39553],[-75.75607,45.39546],[-75.75601,45.39539],[-75.75581,45.39517],[-75.75571,45.39507],[-75.75561,45.39496],[-75.75556,45.39491],[-75.75555,45.39489],[-75.75545,45.39479],[-75.75529,45.39486],[-75.75525,45.39488],[-75.75455,45.39519],[-75.75409,45.3954],[-75.75389,45.39549],[-75.75369,45.39559],[-75.75364,45.39561],[-75.75357,45.39553]]}},{"type":"Feature","properties":{"id":"stittsville","name_en":"Stittsville / Kanata South","name_fr":"Stittsville / Kanata Sud","desc_en":"Trans Canada Trail through Bells Corners, joining the Watts Creek Pathway","desc_fr":"Sentier transcanadien via Bells Corners, rejoignant le sentier du ruisseau Watts","color":"#911EB4","distance_km":31.2,"minutes":116,"carfree_pct":97,"safety":"carfree","stop_minutes":4,"signals":21},"geometry":{"type":"LineString","coordinates":[[-75.75357,45.39553],[-75.75265,45.3959],[-75.75256,45.39596],[-75.75248,45.39599],[-75.7524,45.39603],[-75.75231,45.39607],[-75.75164,45.39635],[-75.7516,45.39636],[-75.75154,45.39638],[-75.75148,45.39641],[-75.75142,45.39644],[-75.75136,45.39647],[-75.75105,45.39661],[-75.75086,45.39668],[-75.75076,45.39673],[-75.7506,45.39679],[-75.75045,45.39687],[-75.75028,45.39693],[-75.75009,45.39701],[-75.74982,45.39712],[-75.74939,45.39729],[-75.74931,45.39733],[-75.74923,45.39736],[-75.74872,45.39756],[-75.74868,45.39758],[-75.74864,45.39759],[-75.74857,45.39762],[-75.74845,45.39767],[-75.74841,45.39769],[-75.74837,45.39771],[-75.74813,45.39781],[-75.74755,45.39808],[-75.74695,45.39833],[-75.74643,45.39852],[-75.74603,45.39869],[-75.74598,45.39868],[-75.74593,45.39868],[-75.74591,45.39869],[-75.74589,45.3987],[-75.74588,45.39871],[-75.7458,45.39874],[-75.74575,45.39876],[-75.74571,45.39878],[-75.7457,45.3988],[-75.7457,45.39882],[-75.7457,45.39884],[-75.74568,45.39886],[-75.74542,45.39897],[-75.74515,45.39909],[-75.74477,45.39924],[-75.74465,45.39929],[-75.74456,45.39932],[-75.7445,45.39935],[-75.74356,45.39975],[-75.74348,45.39978],[-75.74344,45.3998],[-75.74301,45.39999],[-75.74268,45.40013],[-75.74247,45.40022],[-75.74244,45.40023],[-75.74241,45.40024],[-75.74239,45.40025],[-75.74231,45.40028],[-75.74223,45.40031],[-75.74219,45.40033],[-75.74215,45.40035],[-75.74202,45.40041],[-75.74129,45.40071],[-75.74123,45.40074],[-75.7412,45.40075],[-75.74112,45.40078],[-75.74104,45.40081],[-75.74099,45.40083],[-75.74094,45.40088],[-75.74079,45.40094],[-75.74072,45.40096],[-75.74036,45.40111],[-75.74028,45.40114],[-75.74022,45.40116],[-75.74016,45.40118],[-75.74009,45.40122],[-75.74001,45.40125],[-75.73997,45.40128],[-75.73926,45.40158],[-75.73919,45.40161],[-75.73912,45.40164],[-75.73905,45.40169],[-75.73832,45.402],[-75.73821,45.40205],[-75.73811,45.40209],[-75.73767,45.40228],[-75.7375,45.40234],[-75.73746,45.40235],[-75.73743,45.40236],[-75.73741,45.40237],[-75.73733,45.4024],[-75.73724,45.40243],[-75.7372,45.40245],[-75.73715,45.40246],[-75.73705,45.40254],[-75.73651,45.40277],[-75.73637,45.40283],[-75.73629,45.40286],[-75.73541,45.40323],[-75.73526,45.40329],[-75.73514,45.40334],[-75.73452,45.40361],[-75.73447,45.40362],[-75.73442,45.40363],[-75.73429,45.40369],[-75.73418,45.40373],[-75.73413,45.40376],[-75.73412,45.40378],[-75.73408,45.4038],[-75.73275,45.40437],[-75.73258,45.40444],[-75.73241,45.40451],[-75.73219,45.4046],[-75.73168,45.40481],[-75.73167,45.40482],[-75.73166,45.40482],[-75.73159,45.40486],[-75.73145,45.40492],[-75.73143,45.40493],[-75.73109,45.40509],[-75.73076,45.40523],[-75.7307,45.40525],[-75.73064,45.40528],[-75.7299,45.40559],[-75.72982,45.40562],[-75.72973,45.40565],[-75.7291,45.40592],[-75.72909,45.40592],[-75.72908,45.40593],[-75.729,45.40596],[-75.72895,45.40598],[-75.72893,45.40599],[-75.7289,45.406],[-75.72834,45.40623],[-75.72831,45.40626],[-75.72825,45.40629],[-75.72819,45.40631],[-75.7281,45.40636],[-75.7276,45.40658],[-75.72749,45.40663],[-75.72744,45.40665],[-75.72684,45.40691],[-75.72677,45.40694],[-75.72671,45.40696],[-75.72641,45.40709],[-75.72638,45.4071],[-75.72631,45.40714],[-75.72593,45.40729],[-75.72588,45.40732],[-75.72578,45.40735],[-75.72542,45.4075],[-75.72517,45.40759],[-75.72514,45.40761],[-75.72507,45.40763],[-75.72442,45.40786],[-75.72439,45.40786],[-75.72434,45.40787],[-75.72429,45.40786],[-75.72428,45.40787],[-75.72421,45.40789],[-75.7241,45.40794],[-75.72411,45.40795],[-75.72422,45.40802],[-75.72434,45.40808],[-75.72439,45.40808],[-75.72441,45.40809],[-75.72447,45.40811],[-75.7247,45.40823],[-75.72469,45.40824],[-75.72453,45.40836],[-75.72448,45.40837],[-75.72437,45.40838],[-75.72433,45.40838],[-75.72418,45.40844],[-75.72318,45.40888],[-75.723,45.40897],[-75.72296,45.40901],[-75.72294,45.40908],[-75.72295,45.40921],[-75.72292,45.40927],[-75.72281,45.40935],[-75.72254,45.40953],[-75.72238,45.40965],[-75.72231,45.4097],[-75.72216,45.40981],[-75.72203,45.40988],[-75.72191,45.40992],[-75.72175,45.40994],[-75.72164,45.40995],[-75.72154,45.40994],[-75.72146,45.40991],[-75.72122,45.40983],[-75.72111,45.4098],[-75.72101,45.4098],[-75.72095,45.4098],[-75.72087,45.40983],[-75.72032,45.41004],[-75.72024,45.41006],[-75.71935,45.4103],[-75.71922,45.41034],[-75.71895,45.41045],[-75.71885,45.41049]]}},{"type":"Feature","properties":{"id":"stittsville","name_en":"Stittsville / Kanata South","name_fr":"Stittsville / Kanata Sud","desc_en":"Trans Canada Trail through Bells Corners, joining the Watts Creek Pathway","desc_fr":"Sentier transcanadien via Bells Corners, rejoignant le sentier du ruisseau Watts","color":"#911EB4","distance_km":31.2,"minutes":116,"carfree_pct":97,"safety":"road","stop_minutes":4,"signals":21},"geometry":{"type":"LineString","coordinates":[[-75.71885,45.41049],[-75.71877,45.41052]]}},{"type":"Feature","properties":{"id":"stittsville","name_en":"Stittsville / Kanata South","name_fr":"Stittsville / Kanata Sud","desc_en":"Trans Canada Trail through Bells Corners, joining the Watts Creek Pathway","desc_fr":"Sentier transcanadien via Bells Corners, rejoignant le sentier du ruisseau Watts","color":"#911EB4","distance_km":31.2,"minutes":116,"carfree_pct":97,"safety":"carfree","stop_minutes":4,"signals":21},"geometry":{"type":"LineString","coordinates":[[-75.71877,45.41052],[-75.71871,45.41055],[-75.71863,45.41058],[-75.71683,45.41134],[-75.71639,45.41149],[-75.71627,45.41153],[-75.71613,45.41159],[-75.71604,45.41163],[-75.71601,45.41164],[-75.71598,45.41166],[-75.7159,45.41171],[-75.71453,45.4123],[-75.71425,45.41243],[-75.71326,45.41284],[-75.71309,45.41289],[-75.71303,45.41291],[-75.71298,45.41295],[-75.71295,45.413],[-75.71283,45.41305],[-75.71271,45.4131],[-75.71264,45.41314],[-75.7126,45.41314]]}},{"type":"Feature","properties":{"id":"stittsville","name_en":"Stittsville / Kanata South","name_fr":"Stittsville / Kanata Sud","desc_en":"Trans Canada Trail through Bells Corners, joining the Watts Creek Pathway","desc_fr":"Sentier transcanadien via Bells Corners, rejoignant le sentier du ruisseau Watts","color":"#911EB4","distance_km":31.2,"minutes":116,"carfree_pct":97,"safety":"road","stop_minutes":4,"signals":21},"geometry":{"type":"LineString","coordinates":[[-75.7126,45.41314],[-75.71252,45.41299],[-75.71179,45.4133]]}},{"type":"Feature","properties":{"id":"stittsville","name_en":"Stittsville / Kanata South","name_fr":"Stittsville / Kanata Sud","desc_en":"Trans Canada Trail through Bells Corners, joining the Watts Creek Pathway","desc_fr":"Sentier transcanadien via Bells Corners, rejoignant le sentier du ruisseau Watts","color":"#911EB4","distance_km":31.2,"minutes":116,"carfree_pct":97,"safety":"lane","stop_minutes":4,"signals":21},"geometry":{"type":"LineString","coordinates":[[-75.71179,45.4133],[-75.71143,45.41346]]}},{"type":"Feature","properties":{"id":"stittsville","name_en":"Stittsville / Kanata South","name_fr":"Stittsville / Kanata Sud","desc_en":"Trans Canada Trail through Bells Corners, joining the Watts Creek Pathway","desc_fr":"Sentier transcanadien via Bells Corners, rejoignant le sentier du ruisseau Watts","color":"#911EB4","distance_km":31.2,"minutes":116,"carfree_pct":97,"safety":"carfree","stop_minutes":4,"signals":21},"geometry":{"type":"LineString","coordinates":[[-75.71143,45.41346],[-75.7113,45.41344],[-75.71124,45.41344],[-75.7112,45.41345],[-75.71081,45.41361],[-75.71077,45.41363],[-75.71069,45.41368],[-75.7106,45.41372],[-75.71058,45.41373],[-75.71039,45.4139],[-75.71035,45.41398],[-75.70997,45.41446],[-75.70991,45.4145],[-75.70967,45.4148],[-75.70949,45.41499],[-75.70944,45.41504],[-75.70936,45.4151],[-75.70927,45.41515],[-75.70909,45.41524],[-75.70868,45.41542],[-75.7086,45.41547],[-75.70838,45.41556],[-75.70832,45.41559],[-75.70829,45.4156],[-75.70819,45.41564],[-75.70809,45.41568],[-75.70804,45.4157],[-75.70799,45.41572],[-75.70792,45.41575],[-75.70788,45.41575],[-75.70756,45.41588],[-75.70743,45.41592],[-75.70735,45.41592],[-75.70728,45.41591],[-75.70723,45.4159],[-75.70708,45.41589],[-75.7068,45.41594],[-75.70672,45.4159],[-75.70652,45.41565],[-75.70649,45.4156],[-75.70644,45.41557]]}},{"type":"Feature","properties":{"id":"stittsville","name_en":"Stittsville / Kanata South","name_fr":"Stittsville / Kanata Sud","desc_en":"Trans Canada Trail through Bells Corners, joining the Watts Creek Pathway","desc_fr":"Sentier transcanadien via Bells Corners, rejoignant le sentier du ruisseau Watts","color":"#911EB4","distance_km":31.2,"minutes":116,"carfree_pct":97,"safety":"road","stop_minutes":4,"signals":21},"geometry":{"type":"LineString","coordinates":[[-75.70644,45.41557],[-75.70642,45.41555],[-75.70639,45.41551],[-75.70636,45.41547]]}},{"type":"Feature","properties":{"id":"stittsville","name_en":"Stittsville / Kanata South","name_fr":"Stittsville / Kanata Sud","desc_en":"Trans Canada Trail through Bells Corners, joining the Watts Creek Pathway","desc_fr":"Sentier transcanadien via Bells Corners, rejoignant le sentier du ruisseau Watts","color":"#911EB4","distance_km":31.2,"minutes":116,"carfree_pct":97,"safety":"carfree","stop_minutes":4,"signals":21},"geometry":{"type":"LineString","coordinates":[[-75.70636,45.41547],[-75.70572,45.41573],[-75.7051,45.41599],[-75.70489,45.41608],[-75.70484,45.4161],[-75.7048,45.41609],[-75.70477,45.4161],[-75.70471,45.41613],[-75.7047,45.41616],[-75.70466,45.41617],[-75.70334,45.41671],[-75.70325,45.41675],[-75.70316,45.41679],[-75.70243,45.41709],[-75.70225,45.41716],[-75.70186,45.41733],[-75.70128,45.41757],[-75.70117,45.41761],[-75.70107,45.41766],[-75.6991,45.41846],[-75.69903,45.41849],[-75.69893,45.41853],[-75.69764,45.41907],[-75.69713,45.41928],[-75.69703,45.41932],[-75.69698,45.41934],[-75.69693,45.41936]]}},{"type":"Feature","properties":{"id":"stittsville","name_en":"Stittsville / Kanata South","name_fr":"Stittsville / Kanata Sud","desc_en":"Trans Canada Trail through Bells Corners, joining the Watts Creek Pathway","desc_fr":"Sentier transcanadien via Bells Corners, rejoignant le sentier du ruisseau Watts","color":"#911EB4","distance_km":31.2,"minutes":116,"carfree_pct":97,"safety":"road","stop_minutes":4,"signals":21},"geometry":{"type":"LineString","coordinates":[[-75.69693,45.41936],[-75.69692,45.41934],[-75.69691,45.41933]]}},{"type":"Feature","properties":{"id":"kanata","name_en":"Kanata North","name_fr":"Kanata Nord","desc_en":"Watts Creek Pathway to the Ottawa River Pathway at Andrew Haydon Park","desc_fr":"Sentier du ruisseau Watts jusqu’au sentier de la rivière des Outaouais au parc Andrew-Haydon","color":"#4363D8","distance_km":27.8,"minutes":94,"carfree_pct":88,"safety":"road","stop_minutes":2,"signals":10},"geometry":{"type":"LineString","coordinates":[[-75.92331,45.32356],[-75.92333,45.32356]]}},{"type":"Feature","properties":{"id":"kanata","name_en":"Kanata North","name_fr":"Kanata Nord","desc_en":"Watts Creek Pathway to the Ottawa River Pathway at Andrew Haydon Park","desc_fr":"Sentier du ruisseau Watts jusqu’au sentier de la rivière des Outaouais au parc Andrew-Haydon","color":"#4363D8","distance_km":27.8,"minutes":94,"carfree_pct":88,"safety":"carfree","stop_minutes":2,"signals":10},"geometry":{"type":"LineString","coordinates":[[-75.92333,45.32356],[-75.92334,45.3236]]}},{"type":"Feature","properties":{"id":"kanata","name_en":"Kanata North","name_fr":"Kanata Nord","desc_en":"Watts Creek Pathway to the Ottawa River Pathway at Andrew Haydon Park","desc_fr":"Sentier du ruisseau Watts jusqu’au sentier de la rivière des Outaouais au parc Andrew-Haydon","color":"#4363D8","distance_km":27.8,"minutes":94,"carfree_pct":88,"safety":"road","stop_minutes":2,"signals":10},"geometry":{"type":"LineString","coordinates":[[-75.92334,45.3236],[-75.92336,45.32368]]}},{"type":"Feature","properties":{"id":"kanata","name_en":"Kanata North","name_fr":"Kanata Nord","desc_en":"Watts Creek Pathway to the Ottawa River Pathway at Andrew Haydon Park","desc_fr":"Sentier du ruisseau Watts jusqu’au sentier de la rivière des Outaouais au parc Andrew-Haydon","color":"#4363D8","distance_km":27.8,"minutes":94,"carfree_pct":88,"safety":"lane","stop_minutes":2,"signals":10},"geometry":{"type":"LineString","coordinates":[[-75.92336,45.32368],[-75.92324,45.32369],[-75.92298,45.3237],[-75.92268,45.32367],[-75.92244,45.32364],[-75.92217,45.32357],[-75.92193,45.32349],[-75.92179,45.32343],[-75.92059,45.3228],[-75.91977,45.32238],[-75.9196,45.32228],[-75.9193,45.32203],[-75.91905,45.32177]]}},{"type":"Feature","properties":{"id":"kanata","name_en":"Kanata North","name_fr":"Kanata Nord","desc_en":"Watts Creek Pathway to the Ottawa River Pathway at Andrew Haydon Park","desc_fr":"Sentier du ruisseau Watts jusqu’au sentier de la rivière des Outaouais au parc Andrew-Haydon","color":"#4363D8","distance_km":27.8,"minutes":94,"carfree_pct":88,"safety":"road","stop_minutes":2,"signals":10},"geometry":{"type":"LineString","coordinates":[[-75.91905,45.32177],[-75.91891,45.32183],[-75.91821,45.32211],[-75.91817,45.32212],[-75.91779,45.32226],[-75.91755,45.32231],[-75.91741,45.32233],[-75.91715,45.32236],[-75.9159,45.32247],[-75.91567,45.32249],[-75.91543,45.32256],[-75.91514,45.3227],[-75.91483,45.32287],[-75.91467,45.32306],[-75.91461,45.32313],[-75.91428,45.32361],[-75.91387,45.32412],[-75.91371,45.32432],[-75.91348,45.32451],[-75.91335,45.32464],[-75.9131,45.3248],[-75.91292,45.32491],[-75.91275,45.32499],[-75.91251,45.32508],[-75.91232,45.32512],[-75.91211,45.32516],[-75.91182,45.32517],[-75.91152,45.32516],[-75.91139,45.32516]]}},{"type":"Feature","properties":{"id":"kanata","name_en":"Kanata North","name_fr":"Kanata Nord","desc_en":"Watts Creek Pathway to the Ottawa River Pathway at Andrew Haydon Park","desc_fr":"Sentier du ruisseau Watts jusqu’au sentier de la rivière des Outaouais au parc Andrew-Haydon","color":"#4363D8","distance_km":27.8,"minutes":94,"carfree_pct":88,"safety":"lane","stop_minutes":2,"signals":10},"geometry":{"type":"LineString","coordinates":[[-75.91139,45.32516],[-75.91124,45.32513],[-75.91097,45.32506],[-75.91062,45.32491],[-75.91044,45.32479],[-75.91014,45.32456],[-75.90914,45.32368],[-75.90884,45.32341],[-75.90833,45.32313],[-75.90788,45.32287],[-75.90761,45.32271],[-75.9075,45.32262],[-75.90734,45.32247],[-75.90731,45.32242]]}},{"type":"Feature","properties":{"id":"kanata","name_en":"Kanata North","name_fr":"Kanata Nord","desc_en":"Watts Creek Pathway to the Ottawa River Pathway at Andrew Haydon Park","desc_fr":"Sentier du ruisseau Watts jusqu’au sentier de la rivière des Outaouais au parc Andrew-Haydon","color":"#4363D8","distance_km":27.8,"minutes":94,"carfree_pct":88,"safety":"road","stop_minutes":2,"signals":10},"geometry":{"type":"LineString","coordinates":[[-75.90731,45.32242],[-75.90722,45.32244]]}},{"type":"Feature","properties":{"id":"kanata","name_en":"Kanata North","name_fr":"Kanata Nord","desc_en":"Watts Creek Pathway to the Ottawa River Pathway at Andrew Haydon Park","desc_fr":"Sentier du ruisseau Watts jusqu’au sentier de la rivière des Outaouais au parc Andrew-Haydon","color":"#4363D8","distance_km":27.8,"minutes":94,"carfree_pct":88,"safety":"carfree","stop_minutes":2,"signals":10},"geometry":{"type":"LineString","coordinates":[[-75.90722,45.32244],[-75.90672,45.3226],[-75.90654,45.32275],[-75.90649,45.32279],[-75.90641,45.32287],[-75.90639,45.32294],[-75.90639,45.323],[-75.9064,45.32305],[-75.90651,45.32323],[-75.90665,45.32339],[-75.90667,45.32349],[-75.90665,45.32381],[-75.9066,45.32395],[-75.90651,45.32404],[-75.90636,45.32412],[-75.90624,45.32418],[-75.90597,45.32437],[-75.90578,45.32446],[-75.9053,45.32461],[-75.90507,45.32466],[-75.90466,45.32468],[-75.90448,45.32471],[-75.90422,45.32477]]}},{"type":"Feature","properties":{"id":"kanata","name_en":"Kanata North","name_fr":"Kanata Nord","desc_en":"Watts Creek Pathway to the Ottawa River Pathway at Andrew Haydon Park","desc_fr":"Sentier du ruisseau Watts jusqu’au sentier de la rivière des Outaouais au parc Andrew-Haydon","color":"#4363D8","distance_km":27.8,"minutes":94,"carfree_pct":88,"safety":"road","stop_minutes":2,"signals":10},"geometry":{"type":"LineString","coordinates":[[-75.90422,45.32477],[-75.90417,45.32478],[-75.90413,45.32469],[-75.90403,45.32453],[-75.90388,45.3244],[-75.90352,45.32416],[-75.90294,45.32383],[-75.9026,45.32363],[-75.90225,45.32352],[-75.90187,45.32343],[-75.90174,45.32342],[-75.90144,45.32342],[-75.90107,45.32343],[-75.90067,45.3235],[-75.90029,45.32361],[-75.8993,45.32386]]}},{"type":"Feature","properties":{"id":"kanata","name_en":"Kanata North","name_fr":"Kanata Nord","desc_en":"Watts Creek Pathway to the Ottawa River Pathway at Andrew Haydon Park","desc_fr":"Sentier du ruisseau Watts jusqu’au sentier de la rivière des Outaouais au parc Andrew-Haydon","color":"#4363D8","distance_km":27.8,"minutes":94,"carfree_pct":88,"safety":"carfree","stop_minutes":2,"signals":10},"geometry":{"type":"LineString","coordinates":[[-75.8993,45.32386],[-75.89925,45.32382],[-75.89871,45.32377],[-75.89823,45.32373],[-75.89765,45.32372],[-75.89751,45.32369]]}},{"type":"Feature","properties":{"id":"kanata","name_en":"Kanata North","name_fr":"Kanata Nord","desc_en":"Watts Creek Pathway to the Ottawa River Pathway at Andrew Haydon Park","desc_fr":"Sentier du ruisseau Watts jusqu’au sentier de la rivière des Outaouais au parc Andrew-Haydon","color":"#4363D8","distance_km":27.8,"minutes":94,"carfree_pct":88,"safety":"road","stop_minutes":2,"signals":10},"geometry":{"type":"LineString","coordinates":[[-75.89751,45.32369],[-75.89624,45.32438],[-75.89612,45.32444],[-75.89549,45.32478],[-75.89532,45.32487],[-75.89505,45.325],[-75.89471,45.32516],[-75.89464,45.3252],[-75.89427,45.32538],[-75.89415,45.32544],[-75.89405,45.32548],[-75.89362,45.32565],[-75.89352,45.32567],[-75.89335,45.32567],[-75.89336,45.32558]]}},{"type":"Feature","properties":{"id":"kanata","name_en":"Kanata North","name_fr":"Kanata Nord","desc_en":"Watts Creek Pathway to the Ottawa River Pathway at Andrew Haydon Park","desc_fr":"Sentier du ruisseau Watts jusqu’au sentier de la rivière des Outaouais au parc Andrew-Haydon","color":"#4363D8","distance_km":27.8,"minutes":94,"carfree_pct":88,"safety":"carfree","stop_minutes":2,"signals":10},"geometry":{"type":"LineString","coordinates":[[-75.89336,45.32558],[-75.89298,45.32558],[-75.89284,45.32552],[-75.89269,45.32538],[-75.89245,45.32521],[-75.892,45.32519],[-75.89176,45.32519],[-75.89163,45.3252],[-75.8915,45.32521],[-75.89141,45.32522],[-75.89117,45.32528],[-75.89115,45.32529],[-75.89092,45.32537],[-75.89085,45.32539],[-75.89063,45.32551],[-75.8904,45.32569],[-75.88978,45.32618],[-75.88926,45.3266],[-75.88906,45.32675],[-75.88889,45.32692],[-75.8887,45.32712],[-75.88868,45.32728],[-75.88868,45.32733],[-75.88873,45.32762],[-75.88877,45.32772],[-75.88878,45.32789],[-75.88874,45.32802],[-75.88868,45.32812],[-75.88857,45.32825],[-75.8885,45.32831],[-75.88838,45.32837],[-75.88799,45.32853],[-75.88782,45.3286],[-75.88755,45.32879],[-75.88746,45.32895],[-75.88743,45.32905],[-75.88743,45.32913],[-75.88745,45.32922],[-75.88759,45.32942],[-75.88784,45.32968],[-75.88816,45.32995],[-75.8882,45.33],[-75.88825,45.33009],[-75.88832,45.33025],[-75.88833,45.33033],[-75.88831,45.33044],[-75.88828,45.33054],[-75.8882,45.33065],[-75.88802,45.33089],[-75.88799,45.33092],[-75.88797,45.33097],[-75.88793,45.33112],[-75.88794,45.33122],[-75.88795,45.33128],[-75.88799,45.33136],[-75.8881,45.33149],[-75.8883,45.33172],[-75.88862,45.33203],[-75.88868,45.3321],[-75.88872,45.33217],[-75.88874,45.33227],[-75.88874,45.33243],[-75.88872,45.3325],[-75.88867,45.33259],[-75.88853,45.33272],[-75.88844,45.33278],[-75.88832,45.33283],[-75.88821,45.33285],[-75.88789,45.3329],[-75.88723,45.33296],[-75.88709,45.33299],[-75.88698,45.33303],[-75.88684,45.3331],[-75.88671,45.33318],[-75.88661,45.33329],[-75.88652,45.3334],[-75.88648,45.3335],[-75.88646,45.33359],[-75.88646,45.33377],[-75.88648,45.33386],[-75.88652,45.33395],[-75.88681,45.33438],[-75.88687,45.33449],[-75.8869,45.3346],[-75.88691,45.33484],[-75.88687,45.3351],[-75.88683,45.3352],[-75.88643,45.33576],[-75.88639,45.33586],[-75.88637,45.33597],[-75.88636,45.33636],[-75.88634,45.33647],[-75.88631,45.33657],[-75.88625,45.33665],[-75.88614,45.33677],[-75.88599,45.33689],[-75.88574,45.33706],[-75.88562,45.3372],[-75.88557,45.33733],[-75.88554,45.33744],[-75.88553,45.33751],[-75.88554,45.33757],[-75.8856,45.33771],[-75.88577,45.338],[-75.88582,45.33813],[-75.88582,45.3382],[-75.88578,45.33833],[-75.88569,45.33845],[-75.88561,45.33852],[-75.88538,45.33862],[-75.88525,45.33867],[-75.88509,45.33876],[-75.88499,45.33885],[-75.88494,45.33892],[-75.88491,45.33901],[-75.88489,45.33914],[-75.88491,45.33928],[-75.88504,45.33977],[-75.88508,45.33991],[-75.88513,45.34013],[-75.88513,45.34024],[-75.88511,45.34037],[-75.88506,45.34051],[-75.88501,45.34064],[-75.88489,45.34083],[-75.88479,45.34093],[-75.88459,45.34107],[-75.88439,45.34118],[-75.88411,45.34128],[-75.88385,45.34134],[-75.88366,45.34136],[-75.88328,45.34137],[-75.88283,45.34137],[-75.88255,45.34137],[-75.88213,45.34142],[-75.8818,45.34148],[-75.88144,45.34155],[-75.88118,45.34163],[-75.88084,45.34177],[-75.88056,45.34191],[-75.88037,45.34205],[-75.88024,45.34222],[-75.88018,45.34234],[-75.88014,45.34248],[-75.88015,45.34289],[-75.88013,45.34308],[-75.88006,45.34327],[-75.87994,45.34349],[-75.87985,45.34369],[-75.87978,45.34373],[-75.87962,45.34379],[-75.87943,45.34383],[-75.87924,45.34383],[-75.879,45.34372],[-75.87842,45.34345],[-75.87788,45.34321],[-75.87737,45.34302],[-75.87676,45.3428],[-75.87652,45.34276],[-75.87608,45.34274],[-75.87577,45.34273],[-75.87545,45.34269],[-75.87526,45.34263],[-75.87513,45.34256],[-75.87497,45.34244],[-75.87482,45.34224],[-75.87469,45.34211],[-75.87455,45.34199],[-75.87435,45.34185],[-75.87405,45.34173],[-75.8738,45.34169],[-75.87357,45.34165],[-75.87334,45.34156],[-75.87312,45.34146],[-75.87298,45.34133],[-75.87294,45.34129],[-75.87277,45.34105],[-75.87265,45.34079],[-75.87251,45.34053],[-75.87245,45.34045],[-75.87237,45.34038],[-75.87215,45.34023],[-75.8719,45.34011],[-75.8717,45.34],[-75.87165,45.33999],[-75.8716,45.33998],[-75.87141,45.33999],[-75.87072,45.34007],[-75.86984,45.34016],[-75.8695,45.34017],[-75.86921,45.34016],[-75.8661,45.3405],[-75.86517,45.3406],[-75.86459,45.34071],[-75.86327,45.34086],[-75.86259,45.34094],[-75.85962,45.3412],[-75.857,45.3414],[-75.85443,45.34161],[-75.85355,45.34168],[-75.85213,45.34178],[-75.85017,45.34195],[-75.84849,45.34209],[-75.84729,45.3422],[-75.84315,45.34255],[-75.84308,45.34255],[-75.84306,45.34264],[-75.84304,45.34272],[-75.84297,45.34284],[-75.84292,45.34291],[-75.84261,45.34313],[-75.84249,45.343],[-75.84237,45.34301],[-75.84222,45.34302],[-75.84212,45.34303],[-75.84202,45.34306],[-75.84193,45.34307],[-75.84187,45.34306],[-75.84181,45.34304],[-75.84168,45.34299],[-75.84162,45.34298],[-75.84153,45.34297],[-75.84143,45.34296],[-75.84128,45.34294],[-75.84106,45.34294],[-75.84092,45.34294],[-75.84066,45.34298],[-75.84055,45.34297],[-75.8405,45.34295],[-75.8403,45.34287],[-75.84025,45.34284],[-75.84018,45.34277],[-75.84001,45.34259],[-75.83984,45.34246],[-75.83975,45.34242],[-75.83965,45.34239],[-75.83942,45.34235],[-75.83937,45.34233],[-75.8393,45.34228],[-75.83917,45.34219],[-75.83892,45.34198],[-75.83883,45.34193],[-75.83871,45.34188],[-75.8385,45.34182],[-75.83823,45.34178],[-75.83818,45.34177],[-75.83794,45.34164],[-75.83773,45.34157],[-75.83769,45.34156],[-75.83745,45.34156],[-75.83722,45.34155],[-75.83707,45.34151],[-75.837,45.34151],[-75.83697,45.34146],[-75.83693,45.3414],[-75.8369,45.34136],[-75.83675,45.34121],[-75.83668,45.34115],[-75.83664,45.34114],[-75.83657,45.34114],[-75.83642,45.34115],[-75.83585,45.34121],[-75.83561,45.34125],[-75.83555,45.34126],[-75.83547,45.34129],[-75.83541,45.34132],[-75.83494,45.34165],[-75.83482,45.34172],[-75.8347,45.34178],[-75.83445,45.34186],[-75.83433,45.34189],[-75.83388,45.34195],[-75.83333,45.34195],[-75.83325,45.34196],[-75.83314,45.34202],[-75.83295,45.34217],[-75.83285,45.34223],[-75.83254,45.34236],[-75.83231,45.34244],[-75.83223,45.34247],[-75.83215,45.34252],[-75.83209,45.34256],[-75.83205,45.34261],[-75.83196,45.34273],[-75.8318,45.3429],[-75.83165,45.34296],[-75.83155,45.34299],[-75.83148,45.343],[-75.83142,45.343],[-75.83131,45.34299],[-75.83104,45.34287],[-75.83082,45.3428],[-75.83077,45.34279],[-75.83065,45.34279],[-75.8305,45.34281],[-75.83036,45.34285],[-75.83031,45.34287],[-75.83019,45.34286],[-75.8301,45.34284],[-75.83005,45.34282],[-75.83002,45.3428],[-75.82996,45.34274],[-75.82983,45.34248],[-75.8298,45.34244],[-75.82974,45.34241],[-75.82967,45.34238],[-75.82958,45.34236],[-75.82949,45.34237],[-75.82939,45.34238],[-75.82928,45.34241],[-75.82911,45.34247],[-75.82905,45.3425],[-75.82877,45.34267],[-75.8287,45.34272],[-75.82856,45.34288],[-75.82847,45.34294],[-75.8283,45.34303],[-75.8282,45.34307],[-75.82804,45.3431],[-75.82792,45.34312],[-75.82785,45.34312],[-75.82765,45.34309],[-75.82748,45.34304],[-75.82719,45.34293],[-75.82712,45.34292],[-75.82701,45.34291],[-75.82694,45.34291],[-75.82688,45.34293],[-75.82672,45.34302],[-75.8267,45.34304],[-75.82667,45.34309],[-75.82666,45.34314],[-75.8266,45.34343],[-75.82655,45.34351],[-75.8265,45.34355],[-75.82647,45.34357],[-75.82641,45.34359],[-75.82623,45.34362],[-75.82607,45.34361],[-75.82593,45.34359],[-75.82553,45.34348],[-75.82536,45.34344],[-75.82509,45.34344],[-75.82487,45.34346],[-75.82405,45.3436],[-75.8234,45.34374],[-75.82242,45.34398],[-75.82211,45.34403],[-75.82171,45.34408],[-75.82106,45.34412],[-75.82076,45.34414],[-75.82046,45.34418],[-75.82017,45.34423],[-75.8198,45.34434],[-75.81967,45.34437],[-75.81958,45.34438],[-75.81936,45.3444],[-75.81918,45.34443],[-75.81912,45.34444],[-75.8189,45.34454],[-75.8187,45.3447],[-75.81865,45.34474],[-75.81848,45.34493],[-75.81833,45.34509],[-75.81822,45.34522],[-75.81795,45.34554],[-75.81722,45.34644],[-75.81721,45.34647],[-75.81722,45.34651],[-75.81724,45.34657],[-75.8173,45.34662],[-75.81738,45.34666]]}},{"type":"Feature","properties":{"id":"kanata","name_en":"Kanata North","name_fr":"Kanata Nord","desc_en":"Watts Creek Pathway to the Ottawa River Pathway at Andrew Haydon Park","desc_fr":"Sentier du ruisseau Watts jusqu’au sentier de la rivière des Outaouais au parc Andrew-Haydon","color":"#4363D8","distance_km":27.8,"minutes":94,"carfree_pct":88,"safety":"road","stop_minutes":2,"signals":10},"geometry":{"type":"LineString","coordinates":[[-75.81738,45.34666],[-75.81729,45.34676],[-75.81724,45.3468]]}},{"type":"Feature","properties":{"id":"kanata","name_en":"Kanata North","name_fr":"Kanata Nord","desc_en":"Watts Creek Pathway to the Ottawa River Pathway at Andrew Haydon Park","desc_fr":"Sentier du ruisseau Watts jusqu’au sentier de la rivière des Outaouais au parc Andrew-Haydon","color":"#4363D8","distance_km":27.8,"minutes":94,"carfree_pct":88,"safety":"carfree","stop_minutes":2,"signals":10},"geometry":{"type":"LineString","coordinates":[[-75.81724,45.3468],[-75.81719,45.34687],[-75.817,45.34707],[-75.81693,45.3471],[-75.81688,45.34712],[-75.81674,45.34715],[-75.81669,45.34717],[-75.81662,45.34718],[-75.81652,45.34723],[-75.81623,45.34754],[-75.81528,45.34868],[-75.81501,45.34901],[-75.81362,45.35049],[-75.81342,45.35066],[-75.8127,45.35145],[-75.81257,45.35159],[-75.81235,45.35171],[-75.81233,45.35173],[-75.81232,45.35175],[-75.81232,45.35176],[-75.81236,45.35181],[-75.81239,45.35185],[-75.81247,45.35193],[-75.81252,45.35199],[-75.81255,45.35204],[-75.81254,45.35206],[-75.81253,45.35207],[-75.81244,45.3521],[-75.81214,45.35222],[-75.81193,45.35235],[-75.81186,45.3524],[-75.81172,45.35252],[-75.81088,45.35342],[-75.81055,45.35376],[-75.81008,45.35427],[-75.80987,45.35449],[-75.80863,45.35581],[-75.80809,45.3564],[-75.80745,45.35708],[-75.80581,45.35884],[-75.80515,45.35954],[-75.80386,45.36093],[-75.80347,45.36133],[-75.80326,45.36154],[-75.80263,45.36214],[-75.80201,45.36267],[-75.80137,45.36315],[-75.80118,45.3633],[-75.80114,45.36333],[-75.80105,45.36339],[-75.80022,45.36396],[-75.79926,45.36453],[-75.79862,45.3649],[-75.79848,45.36498],[-75.79797,45.36527],[-75.79781,45.36534],[-75.79772,45.36537],[-75.79764,45.36538],[-75.79745,45.36538],[-75.7973,45.36539],[-75.79717,45.36541],[-75.79681,45.36555],[-75.79667,45.36558],[-75.79658,45.3656],[-75.79654,45.36563],[-75.79648,45.36566],[-75.79644,45.36569],[-75.79641,45.36573],[-75.79636,45.36579],[-75.79635,45.36584],[-75.7963,45.36604],[-75.79625,45.36614],[-75.79617,45.36624],[-75.79611,45.36629],[-75.79604,45.36633],[-75.79582,45.36645],[-75.79295,45.36805],[-75.79182,45.36868],[-75.79163,45.36879],[-75.79149,45.36887],[-75.78966,45.3699],[-75.78834,45.37063],[-75.78755,45.37106],[-75.78727,45.3712],[-75.78694,45.37134],[-75.78683,45.37142],[-75.78671,45.37154],[-75.78665,45.37158],[-75.78651,45.37167],[-75.78645,45.37175],[-75.78643,45.37184],[-75.78643,45.37192],[-75.78649,45.37214],[-75.78651,45.37223],[-75.78648,45.37229],[-75.78643,45.37235],[-75.7862,45.37256],[-75.78616,45.37261],[-75.78606,45.37273],[-75.78601,45.37284],[-75.78596,45.37296],[-75.78592,45.37312],[-75.78587,45.37364],[-75.78585,45.37373],[-75.78582,45.37378],[-75.78573,45.3739],[-75.78563,45.374],[-75.78557,45.37404],[-75.78544,45.37415],[-75.78531,45.37423],[-75.78478,45.37452],[-75.78431,45.37481],[-75.78422,45.37485],[-75.78393,45.37499],[-75.78359,45.37513],[-75.78218,45.37562],[-75.78183,45.37575],[-75.78162,45.37586],[-75.78147,45.37596],[-75.78129,45.37611],[-75.78107,45.37637],[-75.78091,45.37652],[-75.7808,45.37659],[-75.78058,45.37671],[-75.7805,45.37675],[-75.78046,45.37679],[-75.77998,45.37741],[-75.77976,45.37776],[-75.77971,45.37791],[-75.77959,45.3783],[-75.77953,45.3784],[-75.77948,45.37846],[-75.77905,45.37894],[-75.77895,45.37904],[-75.77876,45.37915],[-75.77859,45.37925],[-75.77849,45.37935],[-75.77823,45.3797],[-75.77812,45.37982],[-75.77775,45.38006],[-75.77767,45.38014],[-75.7776,45.38026],[-75.77752,45.38042],[-75.77739,45.38078],[-75.7773,45.3811],[-75.77722,45.38146],[-75.77714,45.38172],[-75.77705,45.38191],[-75.77696,45.38206],[-75.77681,45.38226],[-75.77663,45.38244],[-75.77642,45.38264],[-75.77628,45.38274],[-75.77614,45.38283],[-75.77582,45.38301],[-75.77553,45.38313],[-75.77516,45.38325],[-75.77476,45.38333],[-75.77432,45.38339],[-75.77386,45.38342],[-75.77269,45.38345],[-75.77238,45.38347],[-75.77194,45.38348],[-75.77166,45.38352],[-75.77142,45.38358],[-75.771,45.38374],[-75.77076,45.38385],[-75.77054,45.38397],[-75.76993,45.38431],[-75.76964,45.38452],[-75.76942,45.3847],[-75.76917,45.38494],[-75.7687,45.38544],[-75.76852,45.38562],[-75.76824,45.38586],[-75.76696,45.38687],[-75.76669,45.38709],[-75.76645,45.38732],[-75.76622,45.38757],[-75.76605,45.38778],[-75.76589,45.388],[-75.76584,45.38809],[-75.76574,45.3883],[-75.76558,45.38856],[-75.76547,45.38868],[-75.76517,45.38889],[-75.76498,45.38907],[-75.76457,45.3895],[-75.76433,45.38971],[-75.76405,45.38994],[-75.76399,45.38999],[-75.76356,45.39029],[-75.76319,45.39053],[-75.76295,45.39071],[-75.76271,45.39087],[-75.76237,45.39114],[-75.76211,45.39138],[-75.76202,45.39147],[-75.76192,45.39159],[-75.76174,45.39184],[-75.76155,45.39218],[-75.76143,45.39241],[-75.76137,45.39256],[-75.76125,45.39294],[-75.7607,45.39474],[-75.76068,45.39484],[-75.76061,45.39517],[-75.76058,45.39549],[-75.76059,45.39558],[-75.76061,45.3957],[-75.76062,45.39576],[-75.76074,45.39596],[-75.76087,45.39607],[-75.76091,45.3961],[-75.76094,45.39612],[-75.76098,45.39613],[-75.76106,45.39618],[-75.76119,45.39621],[-75.7613,45.39625],[-75.76132,45.39627],[-75.76138,45.39634],[-75.76141,45.39645],[-75.76138,45.39667],[-75.76141,45.39687],[-75.76145,45.39695],[-75.76146,45.39702],[-75.76157,45.39747],[-75.76161,45.39762],[-75.76168,45.39786],[-75.76169,45.398],[-75.76169,45.39821],[-75.76167,45.39835],[-75.76163,45.39859],[-75.76154,45.39881],[-75.76145,45.39897],[-75.76132,45.39915],[-75.76117,45.39933],[-75.76088,45.3996],[-75.76055,45.39989],[-75.76001,45.40024],[-75.75979,45.40034],[-75.75941,45.40052],[-75.75935,45.40055],[-75.7592,45.40064],[-75.75916,45.40067],[-75.75905,45.4008],[-75.75902,45.40085],[-75.75894,45.40093],[-75.75885,45.40101],[-75.75869,45.40119],[-75.75864,45.40126],[-75.75851,45.40168],[-75.75848,45.40175],[-75.75839,45.40191],[-75.75834,45.40198],[-75.75818,45.40213],[-75.75813,45.4022],[-75.75805,45.40232],[-75.758,45.40238],[-75.75766,45.40276],[-75.75763,45.4028],[-75.75757,45.4029],[-75.75728,45.40335],[-75.75715,45.40351],[-75.75697,45.40368],[-75.75683,45.4038],[-75.75667,45.4039],[-75.75635,45.40405],[-75.75582,45.40426],[-75.75571,45.40432],[-75.75554,45.40437],[-75.75546,45.40441],[-75.75523,45.40452],[-75.75516,45.40454],[-75.75497,45.40456],[-75.75474,45.40459],[-75.75453,45.4046],[-75.75414,45.40461],[-75.75367,45.40459],[-75.75328,45.40455],[-75.75288,45.40456],[-75.75265,45.40455],[-75.75253,45.40454],[-75.75242,45.40455],[-75.75217,45.40457],[-75.75204,45.4046],[-75.75177,45.40471],[-75.7516,45.40479],[-75.75152,45.40484],[-75.75146,45.4049],[-75.7513,45.40506],[-75.75124,45.40514],[-75.75109,45.40539],[-75.75094,45.40559],[-75.75062,45.40589],[-75.7505,45.40602],[-75.75047,45.40605],[-75.75033,45.40611],[-75.75018,45.40618],[-75.74992,45.40639],[-75.74977,45.40648],[-75.74957,45.40656],[-75.74929,45.40664],[-75.74901,45.4067],[-75.74858,45.40677],[-75.74823,45.40684],[-75.7481,45.40687],[-75.74801,45.40689],[-75.74776,45.40698],[-75.7477,45.40701],[-75.74762,45.40702],[-75.74707,45.4071],[-75.74695,45.40712],[-75.74674,45.40717],[-75.74641,45.40728],[-75.74634,45.4073],[-75.74614,45.40744],[-75.74596,45.40759],[-75.74574,45.40776],[-75.74553,45.40797],[-75.7454,45.40814],[-75.74528,45.40833],[-75.74494,45.4089],[-75.74493,45.40897],[-75.74495,45.40963],[-75.74494,45.40978],[-75.74491,45.40998],[-75.74485,45.41014],[-75.74479,45.41023],[-75.74474,45.41029],[-75.74455,45.41046],[-75.74449,45.4105],[-75.74434,45.41056],[-75.74426,45.4106],[-75.74407,45.41065],[-75.74391,45.41067],[-75.74378,45.41068],[-75.74366,45.41068],[-75.74253,45.41062],[-75.74225,45.41059],[-75.74184,45.41057],[-75.74141,45.41057],[-75.74116,45.4106],[-75.741,45.41061],[-75.7409,45.41066],[-75.74084,45.41067],[-75.74077,45.41068],[-75.74042,45.4107],[-75.74029,45.41072],[-75.74002,45.41075],[-75.73987,45.41079],[-75.73965,45.41091],[-75.73952,45.41095],[-75.73933,45.411],[-75.73906,45.41105],[-75.73887,45.41112],[-75.73873,45.41119],[-75.73839,45.41135],[-75.73714,45.41183],[-75.73652,45.41206],[-75.73633,45.41216],[-75.73624,45.41222],[-75.73612,45.41232],[-75.73606,45.41238],[-75.73592,45.41259],[-75.73579,45.41279],[-75.73568,45.41292],[-75.73561,45.41297],[-75.73548,45.41305],[-75.73543,45.41307],[-75.73531,45.4131],[-75.73519,45.41312],[-75.73514,45.41312],[-75.73509,45.41312],[-75.73499,45.4131],[-75.73494,45.41308],[-75.73484,45.41303],[-75.73475,45.41298],[-75.7346,45.41285],[-75.73424,45.4124],[-75.73397,45.41207],[-75.73375,45.41185],[-75.7337,45.41179],[-75.73366,45.41172],[-75.73359,45.41151],[-75.73354,45.4114],[-75.7335,45.41135],[-75.73347,45.41133],[-75.73337,45.41128],[-75.73285,45.41104],[-75.73264,45.41092],[-75.73255,45.41088],[-75.73243,45.41085],[-75.73213,45.4108],[-75.7317,45.41071],[-75.73142,45.41065],[-75.73105,45.4106],[-75.73069,45.41058],[-75.73055,45.41058],[-75.7301,45.41059],[-75.72979,45.41061],[-75.72938,45.41068],[-75.72926,45.41072],[-75.72923,45.41074],[-75.72918,45.41079],[-75.72911,45.41092],[-75.72906,45.41098],[-75.72889,45.41109],[-75.72871,45.41118],[-75.7286,45.4112],[-75.72854,45.41121],[-75.72794,45.41121],[-75.72788,45.41122],[-75.72769,45.41126],[-75.72712,45.41144],[-75.72696,45.41148],[-75.7268,45.4115],[-75.72604,45.41158],[-75.72565,45.41161],[-75.725,45.41163],[-75.7248,45.41166],[-75.72421,45.41178],[-75.72381,45.41188],[-75.7231,45.41203],[-75.72184,45.41226],[-75.72168,45.4123],[-75.72157,45.41234],[-75.7212,45.41248],[-75.72091,45.41265],[-75.72087,45.41267],[-75.72055,45.41286],[-75.72047,45.41292],[-75.72041,45.41299],[-75.72037,45.41305],[-75.72032,45.4131],[-75.72009,45.41329],[-75.72001,45.41335],[-75.71994,45.41342],[-75.71989,45.41351],[-75.71984,45.41362],[-75.71977,45.4139],[-75.71973,45.41411],[-75.71972,45.41433],[-75.71975,45.41452],[-75.71976,45.41462],[-75.71984,45.4149],[-75.72005,45.41535],[-75.72012,45.41552],[-75.72015,45.4157],[-75.72015,45.41617],[-75.72012,45.41635],[-75.72008,45.41648],[-75.72003,45.4166],[-75.71991,45.41676],[-75.71967,45.41699],[-75.7192,45.41733],[-75.71896,45.41746],[-75.71866,45.41757],[-75.71856,45.4176],[-75.71853,45.41764],[-75.71841,45.41777],[-75.71839,45.41778],[-75.71762,45.41804],[-75.71705,45.41823],[-75.71681,45.41829],[-75.71673,45.41831],[-75.71663,45.41831],[-75.71652,45.41831],[-75.7164,45.4183],[-75.71632,45.41828],[-75.71613,45.41818],[-75.7161,45.41815],[-75.71607,45.41814],[-75.71605,45.41814],[-75.71602,45.41815],[-75.71598,45.41817],[-75.71593,45.41819],[-75.71581,45.41824],[-75.71578,45.41825],[-75.71574,45.41826],[-75.71573,45.41827],[-75.7157,45.41828],[-75.71568,45.41832],[-75.71569,45.41848],[-75.71568,45.41852],[-75.71567,45.41854],[-75.71561,45.41858],[-75.71554,45.41859],[-75.71547,45.41859],[-75.7153,45.41859],[-75.7145,45.41852],[-75.71355,45.41865],[-75.7135,45.41866],[-75.71295,45.41897],[-75.71288,45.41896],[-75.71281,45.41896],[-75.71268,45.41893],[-75.71253,45.41892],[-75.71238,45.41893],[-75.71222,45.41898],[-75.71216,45.41899],[-75.7121,45.41891],[-75.71185,45.41857],[-75.71179,45.4185],[-75.71178,45.41849],[-75.71175,45.41848],[-75.71157,45.41847],[-75.71148,45.41847],[-75.71131,45.41843],[-75.71112,45.41843],[-75.71098,45.41845],[-75.71082,45.41849],[-75.71041,45.41865],[-75.71029,45.41869],[-75.71003,45.41913],[-75.71013,45.41915],[-75.71023,45.41918],[-75.71043,45.41931],[-75.71048,45.41936],[-75.71054,45.41947],[-75.71059,45.41952],[-75.71044,45.41965],[-75.71014,45.41999],[-75.71006,45.42011],[-75.71003,45.42016],[-75.71002,45.4202],[-75.70999,45.42035],[-75.70997,45.42041],[-75.70994,45.42047],[-75.70986,45.42057],[-75.70946,45.421],[-75.70891,45.42151],[-75.70887,45.42154],[-75.70873,45.42163],[-75.70868,45.42166],[-75.70862,45.42167],[-75.70843,45.42171],[-75.70817,45.42172],[-75.70805,45.42174],[-75.7075,45.42188],[-75.70708,45.42199],[-75.70702,45.42201],[-75.70696,45.42205],[-75.70694,45.42207],[-75.7068,45.42238],[-75.70677,45.42245],[-75.70675,45.42249],[-75.7067,45.42255],[-75.70656,45.42267],[-75.70644,45.42272],[-75.70617,45.4228],[-75.70583,45.4229],[-75.70559,45.42296],[-75.7054,45.423],[-75.70525,45.42302],[-75.70488,45.42307],[-75.70479,45.42308],[-75.70456,45.42314],[-75.70435,45.4232],[-75.70422,45.42324],[-75.70412,45.42329],[-75.70402,45.42334],[-75.70379,45.42347],[-75.70355,45.42358],[-75.70336,45.42364],[-75.70276,45.4238],[-75.70267,45.42384],[-75.70254,45.42393],[-75.70249,45.42397],[-75.70244,45.42403],[-75.7024,45.4241],[-75.70223,45.42466],[-75.7022,45.42476],[-75.70217,45.42528],[-75.70215,45.42542],[-75.70204,45.42561],[-75.70195,45.42572],[-75.70185,45.42579],[-75.70174,45.42588],[-75.70161,45.42597],[-75.70123,45.42618],[-75.70088,45.42634],[-75.70059,45.42646],[-75.70054,45.42647],[-75.69986,45.4265],[-75.6992,45.4265],[-75.6991,45.4265],[-75.69895,45.4265],[-75.69865,45.42634],[-75.69853,45.42627],[-75.69815,45.42606],[-75.69806,45.42609],[-75.69794,45.42609],[-75.69788,45.42609],[-75.69777,45.42606],[-75.69697,45.4256],[-75.69686,45.42552],[-75.69637,45.42514],[-75.69605,45.42497],[-75.69597,45.42493],[-75.69572,45.42484],[-75.69549,45.42476],[-75.69544,45.42474],[-75.695,45.42453],[-75.69466,45.42431],[-75.69452,45.42425],[-75.69443,45.42421],[-75.69431,45.42415],[-75.69411,45.42401],[-75.69392,45.42391],[-75.69382,45.42381],[-75.69376,45.42374],[-75.69366,45.42371],[-75.69324,45.42355],[-75.69318,45.42357],[-75.69293,45.42368]]}},{"type":"Feature","properties":{"id":"kanata","name_en":"Kanata North","name_fr":"Kanata Nord","desc_en":"Watts Creek Pathway to the Ottawa River Pathway at Andrew Haydon Park","desc_fr":"Sentier du ruisseau Watts jusqu’au sentier de la rivière des Outaouais au parc Andrew-Haydon","color":"#4363D8","distance_km":27.8,"minutes":94,"carfree_pct":88,"safety":"road","stop_minutes":2,"signals":10},"geometry":{"type":"LineString","coordinates":[[-75.69293,45.42368],[-75.69258,45.42356],[-75.69211,45.42339],[-75.69201,45.42335],[-75.69192,45.42332],[-75.69145,45.42315],[-75.69127,45.42306],[-75.69118,45.42302],[-75.69036,45.42275],[-75.69027,45.4227],[-75.69021,45.42261],[-75.6902,45.42259],[-75.69019,45.42258],[-75.69017,45.42255]]}},{"type":"Feature","properties":{"id":"kanata","name_en":"Kanata North","name_fr":"Kanata Nord","desc_en":"Watts Creek Pathway to the Ottawa River Pathway at Andrew Haydon Park","desc_fr":"Sentier du ruisseau Watts jusqu’au sentier de la rivière des Outaouais au parc Andrew-Haydon","color":"#4363D8","distance_km":27.8,"minutes":94,"carfree_pct":88,"safety":"lane","stop_minutes":2,"signals":10},"geometry":{"type":"LineString","coordinates":[[-75.69017,45.42255],[-75.69038,45.42245],[-75.69058,45.42231],[-75.69086,45.42208],[-75.6909,45.42205],[-75.69098,45.42198],[-75.69128,45.42176],[-75.69148,45.42168],[-75.69181,45.42155],[-75.69207,45.42144],[-75.69266,45.42121],[-75.69272,45.42119],[-75.69288,45.42112],[-75.69304,45.42104]]}},{"type":"Feature","properties":{"id":"kanata","name_en":"Kanata North","name_fr":"Kanata Nord","desc_en":"Watts Creek Pathway to the Ottawa River Pathway at Andrew Haydon Park","desc_fr":"Sentier du ruisseau Watts jusqu’au sentier de la rivière des Outaouais au parc Andrew-Haydon","color":"#4363D8","distance_km":27.8,"minutes":94,"carfree_pct":88,"safety":"carfree","stop_minutes":2,"signals":10},"geometry":{"type":"LineString","coordinates":[[-75.69304,45.42104],[-75.69318,45.42098],[-75.69322,45.42096],[-75.69371,45.42076],[-75.69376,45.42074],[-75.69412,45.42059],[-75.69426,45.42053],[-75.69442,45.42047],[-75.69454,45.42041],[-75.69464,45.42037],[-75.69502,45.42021],[-75.6951,45.42018]]}},{"type":"Feature","properties":{"id":"kanata","name_en":"Kanata North","name_fr":"Kanata Nord","desc_en":"Watts Creek Pathway to the Ottawa River Pathway at Andrew Haydon Park","desc_fr":"Sentier du ruisseau Watts jusqu’au sentier de la rivière des Outaouais au parc Andrew-Haydon","color":"#4363D8","distance_km":27.8,"minutes":94,"carfree_pct":88,"safety":"road","stop_minutes":2,"signals":10},"geometry":{"type":"LineString","coordinates":[[-75.6951,45.42018],[-75.69519,45.42014],[-75.69581,45.41989],[-75.69591,45.41985],[-75.6963,45.41969],[-75.69697,45.41941],[-75.69693,45.41936],[-75.69692,45.41934],[-75.69691,45.41933]]}},{"type":"Feature","properties":{"id":"nepean","name_en":"Nepean","name_fr":"Nepean","desc_en":"From Iris Street to Dow’s Lake, then the Rideau Canal pathway past Lansdowne","desc_fr":"De la rue Iris au lac Dow, puis le sentier du canal Rideau en passant par Lansdowne","color":"#9A6324","distance_km":18.9,"minutes":65,"carfree_pct":92,"safety":"carfree","stop_minutes":2,"signals":13},"geometry":{"type":"LineString","coordinates":[[-75.77576,45.33304],[-75.77569,45.33311],[-75.77554,45.33324],[-75.77542,45.33333],[-75.77528,45.33341],[-75.77506,45.33353],[-75.77501,45.33363],[-75.77504,45.33375],[-75.77503,45.33383],[-75.77501,45.33388],[-75.7749,45.33402],[-75.77481,45.3341],[-75.7745,45.33438],[-75.77442,45.33446],[-75.77436,45.33457],[-75.77434,45.33462],[-75.77435,45.33484],[-75.77435,45.33492],[-75.77436,45.33501],[-75.77434,45.33531],[-75.77432,45.33534],[-75.77418,45.33547],[-75.77417,45.33549],[-75.77416,45.33559],[-75.77418,45.33575],[-75.77416,45.33585],[-75.77414,45.3359],[-75.77397,45.33615],[-75.7739,45.33623],[-75.77361,45.33656],[-75.7735,45.33671],[-75.77332,45.33705],[-75.77322,45.33733],[-75.77312,45.33752],[-75.773,45.33768],[-75.77275,45.33794],[-75.77248,45.3383],[-75.77215,45.33889],[-75.77206,45.33908],[-75.772,45.33925],[-75.77197,45.33931],[-75.77187,45.33946],[-75.77185,45.33949],[-75.77182,45.33952],[-75.77171,45.3396],[-75.77165,45.33963],[-75.77155,45.33969],[-75.77141,45.3398],[-75.77135,45.33988],[-75.77132,45.33993],[-75.7713,45.34002],[-75.77132,45.34009],[-75.77135,45.34016],[-75.7714,45.34024],[-75.77142,45.34028],[-75.77143,45.34031],[-75.77142,45.34035],[-75.77141,45.34038],[-75.77134,45.34045],[-75.77129,45.34048],[-75.77119,45.34053],[-75.77104,45.34075],[-75.77093,45.34087],[-75.77076,45.34103],[-75.77071,45.34109],[-75.77052,45.34142],[-75.77037,45.34163],[-75.77003,45.34214],[-75.76995,45.34224],[-75.76981,45.34239],[-75.76946,45.34273],[-75.76932,45.34283],[-75.76916,45.34293],[-75.76894,45.34303],[-75.7683,45.3433],[-75.76821,45.34333],[-75.76813,45.34335],[-75.76752,45.34348],[-75.76733,45.34353],[-75.76697,45.34368],[-75.76646,45.34394],[-75.76573,45.34429],[-75.76561,45.34434],[-75.76541,45.3444],[-75.76513,45.34445],[-75.76484,45.34453],[-75.76464,45.34461],[-75.76455,45.34465],[-75.76446,45.34469],[-75.76353,45.34507],[-75.76307,45.34527],[-75.76269,45.34543],[-75.76246,45.34552],[-75.76234,45.34557],[-75.76206,45.34567],[-75.76165,45.34584],[-75.76133,45.34599],[-75.7612,45.34609],[-75.76127,45.34622],[-75.76135,45.34635],[-75.76144,45.34649],[-75.76152,45.34663],[-75.76165,45.34684],[-75.76175,45.34699],[-75.76185,45.34715],[-75.76193,45.34728],[-75.76197,45.34737],[-75.76206,45.34751],[-75.76215,45.34767],[-75.76218,45.34777],[-75.76255,45.34839],[-75.76322,45.34819],[-75.76327,45.34826],[-75.76332,45.34833],[-75.76336,45.3484],[-75.76334,45.34844],[-75.76334,45.34848],[-75.76352,45.34875],[-75.76354,45.34884],[-75.76352,45.34891],[-75.76336,45.3492],[-75.76334,45.34938],[-75.76331,45.34952],[-75.76331,45.34958],[-75.76336,45.34965],[-75.76365,45.34994],[-75.76416,45.35055],[-75.76424,45.35062],[-75.76432,45.35071],[-75.76459,45.35101],[-75.76481,45.35123],[-75.76493,45.35131],[-75.76502,45.35134],[-75.76513,45.35135],[-75.76537,45.35136],[-75.76549,45.35137],[-75.76566,45.3514],[-75.76583,45.35144],[-75.76617,45.35153],[-75.7663,45.3516],[-75.76638,45.35167],[-75.7664,45.35171],[-75.76652,45.35194],[-75.76659,45.35205],[-75.76666,45.35214],[-75.76689,45.3523],[-75.76697,45.35238],[-75.76699,45.35242],[-75.767,45.35245],[-75.767,45.35255],[-75.76697,45.35263],[-75.7669,45.35274],[-75.76691,45.3528],[-75.76693,45.35285],[-75.76717,45.35304],[-75.76791,45.3536],[-75.76823,45.3539],[-75.76826,45.35392],[-75.76831,45.35393],[-75.76871,45.35393],[-75.76883,45.35394],[-75.76897,45.35397],[-75.76905,45.354],[-75.76911,45.35403],[-75.76918,45.35407],[-75.7693,45.35417],[-75.7696,45.35446],[-75.76995,45.35476],[-75.77048,45.35515],[-75.77053,45.35519],[-75.7706,45.35522],[-75.77048,45.35529],[-75.77036,45.35534],[-75.77014,45.35546],[-75.77001,45.35555],[-75.76968,45.35571],[-75.76936,45.35587],[-75.76925,45.35591],[-75.76912,45.35593],[-75.76907,45.35594],[-75.76895,45.35601],[-75.76888,45.35609],[-75.76868,45.35617],[-75.76868,45.35613],[-75.76868,45.3561],[-75.76872,45.35602],[-75.76878,45.35593],[-75.76888,45.35583],[-75.76888,45.35579],[-75.76886,45.35575],[-75.7686,45.35556],[-75.76834,45.35532],[-75.76821,45.35517],[-75.76815,45.35508],[-75.76813,45.35502],[-75.76806,45.35464],[-75.76803,45.35452],[-75.76798,45.35441],[-75.76793,45.35432],[-75.76784,45.35423],[-75.76762,45.35402],[-75.76744,45.35385],[-75.76732,45.35374],[-75.76721,45.35364],[-75.76706,45.35354],[-75.76704,45.35352],[-75.76694,45.35348],[-75.76676,45.35335],[-75.76658,45.35319],[-75.76616,45.35274],[-75.76607,45.35265],[-75.7659,45.35251],[-75.76582,45.35246],[-75.76573,45.35244],[-75.76565,45.35243],[-75.76558,45.35243],[-75.7655,45.35244],[-75.76542,45.35247],[-75.76526,45.35255],[-75.76512,45.3526],[-75.76506,45.35261],[-75.76486,45.35262],[-75.76467,45.35261],[-75.76417,45.35255],[-75.76394,45.35264],[-75.76388,45.3527],[-75.76387,45.35274],[-75.76385,45.35278],[-75.76401,45.35309],[-75.76401,45.3531],[-75.76395,45.35311],[-75.76379,45.35316],[-75.76371,45.35318],[-75.76364,45.3532],[-75.76353,45.35321],[-75.76346,45.35321],[-75.76338,45.35321],[-75.76312,45.35317],[-75.76297,45.35316],[-75.76289,45.35316],[-75.76281,45.35317],[-75.76272,45.35319],[-75.76262,45.35322],[-75.76254,45.35327],[-75.76249,45.3533],[-75.7623,45.35351],[-75.76218,45.35362],[-75.76211,45.35366],[-75.76205,45.35369],[-75.76161,45.35383],[-75.76151,45.35388],[-75.76137,45.35404],[-75.7613,45.35416],[-75.76124,45.35427],[-75.76113,45.35456],[-75.76113,45.35463],[-75.76115,45.35474],[-75.76117,45.35488],[-75.76117,45.35501],[-75.76116,45.35512],[-75.76116,45.35519],[-75.76112,45.35537],[-75.76108,45.35546],[-75.76097,45.35562],[-75.76089,45.35572],[-75.76076,45.35584],[-75.76068,45.35591],[-75.76058,45.35596],[-75.76052,45.35598],[-75.76037,45.35601],[-75.76004,45.35618],[-75.75964,45.35636],[-75.75954,45.35643],[-75.7595,45.35648],[-75.75946,45.35655],[-75.75943,45.35668],[-75.75943,45.35673],[-75.75944,45.35679],[-75.75948,45.35697],[-75.75954,45.35715],[-75.75962,45.35734],[-75.76005,45.35826],[-75.76016,45.35857],[-75.76026,45.3589],[-75.76032,45.35949],[-75.76032,45.35951],[-75.76033,45.3596],[-75.76033,45.35968],[-75.76033,45.3597],[-75.76034,45.35986],[-75.76038,45.36001],[-75.76048,45.36025],[-75.76062,45.36053],[-75.76105,45.36126],[-75.76122,45.36167],[-75.76126,45.36198],[-75.76124,45.36219],[-75.76119,45.36239],[-75.76112,45.36251],[-75.76105,45.36261],[-75.7609,45.36276],[-75.76079,45.36286],[-75.76067,45.36294],[-75.76057,45.36301],[-75.76043,45.36308],[-75.76017,45.36317],[-75.75987,45.36325],[-75.75952,45.36333],[-75.75913,45.3634],[-75.75764,45.36362],[-75.75751,45.36365],[-75.75732,45.3637],[-75.75705,45.3638],[-75.75691,45.36387],[-75.75679,45.36394],[-75.75606,45.3645],[-75.75587,45.36462],[-75.75569,45.36472],[-75.75551,45.36481],[-75.7553,45.36489],[-75.75481,45.36508],[-75.75468,45.36516],[-75.75459,45.36521],[-75.7545,45.36528],[-75.75435,45.36543],[-75.7543,45.36549],[-75.75427,45.36556],[-75.7542,45.36587],[-75.75415,45.36617],[-75.75415,45.36621],[-75.7541,45.36656],[-75.75405,45.36668],[-75.75401,45.36676],[-75.7539,45.36684],[-75.75378,45.36691],[-75.75323,45.36712],[-75.75287,45.36731],[-75.75263,45.36742],[-75.75254,45.36747],[-75.75241,45.36754],[-75.75238,45.36755],[-75.7523,45.36758],[-75.75205,45.36763],[-75.75117,45.36764],[-75.75086,45.36765],[-75.75056,45.36768],[-75.75033,45.3677],[-75.75014,45.36776],[-75.74997,45.36784],[-75.7497,45.36819],[-75.74963,45.36827],[-75.74943,45.36848],[-75.74927,45.36867],[-75.7492,45.36877],[-75.74909,45.369],[-75.74903,45.36907],[-75.74896,45.36913],[-75.7489,45.36915],[-75.74886,45.36915],[-75.7488,45.36914],[-75.74872,45.3691],[-75.74868,45.36907],[-75.74859,45.36896],[-75.74846,45.36873],[-75.7484,45.36867],[-75.74833,45.36862],[-75.74823,45.3686],[-75.74811,45.3686],[-75.74799,45.36863],[-75.74787,45.36867],[-75.74774,45.36875],[-75.7476,45.36886],[-75.74749,45.36899],[-75.74737,45.36916],[-75.74724,45.36943],[-75.74713,45.36969],[-75.74706,45.36981],[-75.74697,45.36992],[-75.74683,45.37005],[-75.74681,45.37007],[-75.74674,45.37011],[-75.74638,45.37032],[-75.74607,45.37046],[-75.74577,45.37058],[-75.74545,45.37069],[-75.74536,45.37071],[-75.74531,45.37071],[-75.74525,45.37071],[-75.74509,45.3707],[-75.74413,45.3705],[-75.74387,45.37049],[-75.74365,45.37055],[-75.74331,45.37066],[-75.74305,45.37076],[-75.74267,45.37096],[-75.74253,45.37106],[-75.74245,45.37112],[-75.74218,45.37137],[-75.74197,45.37149],[-75.74178,45.37156],[-75.74162,45.37159],[-75.74116,45.37131],[-75.74107,45.37126],[-75.74097,45.37117],[-75.74076,45.371],[-75.74061,45.37097],[-75.74033,45.37098],[-75.73994,45.371],[-75.73974,45.371],[-75.73937,45.3709],[-75.73907,45.3708],[-75.73892,45.37075],[-75.73876,45.37073],[-75.73859,45.37076],[-75.73552,45.37208],[-75.73462,45.37248],[-75.73298,45.37321],[-75.73292,45.37323],[-75.73281,45.3733],[-75.73275,45.37331],[-75.73264,45.37332],[-75.7325,45.37335],[-75.73241,45.37337],[-75.73242,45.3734],[-75.73235,45.37344],[-75.73233,45.37346],[-75.73224,45.37349],[-75.72936,45.37475],[-75.72804,45.37533],[-75.72727,45.37566],[-75.72512,45.37657],[-75.72339,45.37732],[-75.72302,45.37751],[-75.72295,45.37754],[-75.72289,45.37755],[-75.72273,45.37748],[-75.72265,45.37745],[-75.72183,45.37779],[-75.72159,45.37788],[-75.72061,45.3783],[-75.72054,45.3782],[-75.72036,45.3779],[-75.72032,45.37782],[-75.72024,45.37784],[-75.72014,45.37788],[-75.72011,45.3779],[-75.7201,45.37792],[-75.72013,45.37797],[-75.72064,45.37883],[-75.72118,45.37975],[-75.72139,45.3801],[-75.7214,45.38013],[-75.72139,45.3802],[-75.72137,45.38022],[-75.72134,45.38024],[-75.72096,45.38041],[-75.72106,45.38056],[-75.72171,45.38133],[-75.72187,45.38157],[-75.72193,45.38169],[-75.72196,45.38171],[-75.72201,45.38179],[-75.72215,45.38192],[-75.72227,45.38211],[-75.72234,45.38234],[-75.72245,45.38249],[-75.72257,45.3828],[-75.72273,45.3832],[-75.72276,45.38337],[-75.72275,45.38353],[-75.72276,45.38358],[-75.72285,45.38373],[-75.72285,45.38378],[-75.7228,45.38386],[-75.72268,45.38398],[-75.72245,45.38407],[-75.72241,45.38409],[-75.72228,45.3841],[-75.72216,45.38412],[-75.72188,45.3842],[-75.71857,45.38558],[-75.7157,45.38675],[-75.7128,45.38797],[-75.71108,45.38868]]}},{"type":"Feature","properties":{"id":"nepean","name_en":"Nepean","name_fr":"Nepean","desc_en":"From Iris Street to Dow’s Lake, then the Rideau Canal pathway past Lansdowne","desc_fr":"De la rue Iris au lac Dow, puis le sentier du canal Rideau en passant par Lansdowne","color":"#9A6324","distance_km":18.9,"minutes":65,"carfree_pct":92,"safety":"road","stop_minutes":2,"signals":13},"geometry":{"type":"LineString","coordinates":[[-75.71108,45.38868],[-75.71114,45.38876],[-75.711,45.38882],[-75.71076,45.38891],[-75.71017,45.38916],[-75.71009,45.38919],[-75.7092,45.38956],[-75.70909,45.3896],[-75.70868,45.38977],[-75.70863,45.38979],[-75.70781,45.39013],[-75.70769,45.39015],[-75.70761,45.39018],[-75.7076,45.39018],[-75.70755,45.39019],[-75.70746,45.3902],[-75.70741,45.39018],[-75.70735,45.39017],[-75.70729,45.39017],[-75.70723,45.39017],[-75.70718,45.39019],[-75.70713,45.39022],[-75.7071,45.39025],[-75.70707,45.39029],[-75.70706,45.39033],[-75.70707,45.39037],[-75.70709,45.39041],[-75.70712,45.39045],[-75.70717,45.39048],[-75.70722,45.3905],[-75.70736,45.39064],[-75.70752,45.39092]]}},{"type":"Feature","properties":{"id":"nepean","name_en":"Nepean","name_fr":"Nepean","desc_en":"From Iris Street to Dow’s Lake, then the Rideau Canal pathway past Lansdowne","desc_fr":"De la rue Iris au lac Dow, puis le sentier du canal Rideau en passant par Lansdowne","color":"#9A6324","distance_km":18.9,"minutes":65,"carfree_pct":92,"safety":"lane","stop_minutes":2,"signals":13},"geometry":{"type":"LineString","coordinates":[[-75.70752,45.39092],[-75.70761,45.39099],[-75.70778,45.39128],[-75.70804,45.3918],[-75.70832,45.39239],[-75.70838,45.3926],[-75.70841,45.39283],[-75.70843,45.39309],[-75.70845,45.39406],[-75.70844,45.39417],[-75.70843,45.39422],[-75.70841,45.3943],[-75.70834,45.39447],[-75.70827,45.39458],[-75.70811,45.39476],[-75.70793,45.39496],[-75.70777,45.39513],[-75.70761,45.39531],[-75.70691,45.39608],[-75.70683,45.39616]]}},{"type":"Feature","properties":{"id":"nepean","name_en":"Nepean","name_fr":"Nepean","desc_en":"From Iris Street to Dow’s Lake, then the Rideau Canal pathway past Lansdowne","desc_fr":"De la rue Iris au lac Dow, puis le sentier du canal Rideau en passant par Lansdowne","color":"#9A6324","distance_km":18.9,"minutes":65,"carfree_pct":92,"safety":"road","stop_minutes":2,"signals":13},"geometry":{"type":"LineString","coordinates":[[-75.70683,45.39616],[-75.70673,45.39612]]}},{"type":"Feature","properties":{"id":"nepean","name_en":"Nepean","name_fr":"Nepean","desc_en":"From Iris Street to Dow’s Lake, then the Rideau Canal pathway past Lansdowne","desc_fr":"De la rue Iris au lac Dow, puis le sentier du canal Rideau en passant par Lansdowne","color":"#9A6324","distance_km":18.9,"minutes":65,"carfree_pct":92,"safety":"carfree","stop_minutes":2,"signals":13},"geometry":{"type":"LineString","coordinates":[[-75.70673,45.39612],[-75.70662,45.39624],[-75.70659,45.39628],[-75.70639,45.39649],[-75.70609,45.39682],[-75.70563,45.39733],[-75.70555,45.39742],[-75.70547,45.39748],[-75.70531,45.39758],[-75.70521,45.39761],[-75.70506,45.39766],[-75.70489,45.39768],[-75.70465,45.39768],[-75.70457,45.39767],[-75.7045,45.39766],[-75.70429,45.3976],[-75.70382,45.39742],[-75.70339,45.39725],[-75.70305,45.39712],[-75.7018,45.39677],[-75.70154,45.39664],[-75.70127,45.39649],[-75.70122,45.39646],[-75.70106,45.39635],[-75.70062,45.39601],[-75.7,45.39548],[-75.69986,45.39537],[-75.69934,45.39491],[-75.69919,45.39485],[-75.69902,45.39479],[-75.69872,45.39455],[-75.69852,45.39441],[-75.69831,45.3943],[-75.69823,45.39427],[-75.69795,45.39417],[-75.69762,45.3941],[-75.69742,45.39408],[-75.69704,45.39408],[-75.69677,45.39411],[-75.69636,45.39418],[-75.69582,45.39424],[-75.69572,45.39423],[-75.69555,45.3942],[-75.69522,45.39417],[-75.69411,45.39413],[-75.69311,45.3941],[-75.6921,45.39411],[-75.69197,45.39412],[-75.69184,45.39413],[-75.69151,45.39419],[-75.69119,45.39426],[-75.69088,45.39438],[-75.69048,45.39456],[-75.69026,45.39467],[-75.69004,45.39481],[-75.68977,45.39499],[-75.6895,45.39521],[-75.68912,45.39548],[-75.68864,45.39579],[-75.6884,45.39592],[-75.68813,45.39604],[-75.688,45.39608],[-75.6874,45.3962],[-75.68697,45.39629],[-75.68659,45.39637],[-75.68607,45.39645],[-75.68592,45.39647],[-75.68561,45.39649],[-75.68533,45.39649],[-75.6852,45.39649],[-75.68507,45.39651],[-75.68454,45.39657],[-75.68438,45.39657],[-75.68387,45.39663],[-75.68303,45.39672],[-75.68252,45.39685],[-75.68132,45.39733],[-75.68113,45.39744],[-75.68103,45.39753],[-75.6809,45.39768],[-75.68085,45.39778],[-75.68068,45.39829],[-75.68048,45.39884],[-75.68031,45.39915],[-75.67988,45.39981],[-75.67972,45.40009],[-75.67965,45.40026],[-75.67959,45.40044],[-75.67953,45.4007],[-75.67954,45.40089],[-75.67955,45.40095],[-75.67956,45.401],[-75.67961,45.4011],[-75.67976,45.40132],[-75.68014,45.40178],[-75.68077,45.40257],[-75.68102,45.4029],[-75.68131,45.40314],[-75.68134,45.40317],[-75.68153,45.40335],[-75.68166,45.40352],[-75.68185,45.40387],[-75.68188,45.40391],[-75.68191,45.40397],[-75.68192,45.40398],[-75.68195,45.40404],[-75.68197,45.40409],[-75.68197,45.40412],[-75.68192,45.40417],[-75.68187,45.40424],[-75.68174,45.40448],[-75.68164,45.40477],[-75.6816,45.40497],[-75.68161,45.40538],[-75.68163,45.40561],[-75.68167,45.40581],[-75.68177,45.40608],[-75.68179,45.40616],[-75.6818,45.40622],[-75.68182,45.40636],[-75.68184,45.40705],[-75.68183,45.40732],[-75.68184,45.4076],[-75.68187,45.40774],[-75.68194,45.4079],[-75.68196,45.408],[-75.68199,45.40812],[-75.68201,45.40854],[-75.68206,45.40881],[-75.68213,45.40912],[-75.68222,45.40936],[-75.6824,45.40963],[-75.68253,45.40978],[-75.68262,45.40986],[-75.68287,45.41009],[-75.68332,45.41066],[-75.6835,45.4109],[-75.68353,45.41096],[-75.68352,45.41116],[-75.68354,45.41126],[-75.68358,45.41133],[-75.68371,45.41151],[-75.68372,45.41159],[-75.68376,45.41175],[-75.68374,45.41198],[-75.68378,45.41263],[-75.68381,45.41288],[-75.68384,45.41297],[-75.68383,45.41309],[-75.68369,45.41356],[-75.6836,45.41378],[-75.68357,45.41385],[-75.6827,45.41524],[-75.68212,45.41616],[-75.6819,45.41652],[-75.68176,45.41675],[-75.68153,45.4171],[-75.6809,45.41813],[-75.68084,45.41824],[-75.68085,45.41834],[-75.68086,45.41841],[-75.68088,45.41847],[-75.68094,45.4186],[-75.68105,45.41876],[-75.68112,45.41881],[-75.68119,45.41886],[-75.68142,45.41898],[-75.68266,45.41949],[-75.68295,45.41961],[-75.68331,45.41975],[-75.6839,45.42],[-75.6844,45.4202],[-75.6847,45.42024],[-75.68481,45.42028],[-75.68484,45.4203],[-75.68489,45.42032],[-75.685,45.42036],[-75.68508,45.42044],[-75.68524,45.42055],[-75.68575,45.42077],[-75.68667,45.42118],[-75.68707,45.42137],[-75.68781,45.42168],[-75.68825,45.42187],[-75.68841,45.42194],[-75.68904,45.42224],[-75.68932,45.42236],[-75.68971,45.42255],[-75.6898,45.42259],[-75.68991,45.42262],[-75.69005,45.42264]]}},{"type":"Feature","properties":{"id":"nepean","name_en":"Nepean","name_fr":"Nepean","desc_en":"From Iris Street to Dow’s Lake, then the Rideau Canal pathway past Lansdowne","desc_fr":"De la rue Iris au lac Dow, puis le sentier du canal Rideau en passant par Lansdowne","color":"#9A6324","distance_km":18.9,"minutes":65,"carfree_pct":92,"safety":"road","stop_minutes":2,"signals":13},"geometry":{"type":"LineString","coordinates":[[-75.69005,45.42264],[-75.6902,45.42259],[-75.69017,45.42255]]}},{"type":"Feature","properties":{"id":"nepean","name_en":"Nepean","name_fr":"Nepean","desc_en":"From Iris Street to Dow’s Lake, then the Rideau Canal pathway past Lansdowne","desc_fr":"De la rue Iris au lac Dow, puis le sentier du canal Rideau en passant par Lansdowne","color":"#9A6324","distance_km":18.9,"minutes":65,"carfree_pct":92,"safety":"lane","stop_minutes":2,"signals":13},"geometry":{"type":"LineString","coordinates":[[-75.69017,45.42255],[-75.69038,45.42245],[-75.69058,45.42231],[-75.69086,45.42208],[-75.6909,45.42205],[-75.69098,45.42198],[-75.69128,45.42176],[-75.69148,45.42168],[-75.69181,45.42155],[-75.69207,45.42144],[-75.69266,45.42121],[-75.69272,45.42119],[-75.69288,45.42112],[-75.69304,45.42104]]}},{"type":"Feature","properties":{"id":"nepean","name_en":"Nepean","name_fr":"Nepean","desc_en":"From Iris Street to Dow’s Lake, then the Rideau Canal pathway past Lansdowne","desc_fr":"De la rue Iris au lac Dow, puis le sentier du canal Rideau en passant par Lansdowne","color":"#9A6324","distance_km":18.9,"minutes":65,"carfree_pct":92,"safety":"carfree","stop_minutes":2,"signals":13},"geometry":{"type":"LineString","coordinates":[[-75.69304,45.42104],[-75.69318,45.42098],[-75.69322,45.42096],[-75.69371,45.42076],[-75.69376,45.42074],[-75.69412,45.42059],[-75.69426,45.42053],[-75.69442,45.42047],[-75.69454,45.42041],[-75.69464,45.42037],[-75.69502,45.42021],[-75.6951,45.42018]]}},{"type":"Feature","properties":{"id":"nepean","name_en":"Nepean","name_fr":"Nepean","desc_en":"From Iris Street to Dow’s Lake, then the Rideau Canal pathway past Lansdowne","desc_fr":"De la rue Iris au lac Dow, puis le sentier du canal Rideau en passant par Lansdowne","color":"#9A6324","distance_km":18.9,"minutes":65,"carfree_pct":92,"safety":"road","stop_minutes":2,"signals":13},"geometry":{"type":"LineString","coordinates":[[-75.6951,45.42018],[-75.69519,45.42014],[-75.69581,45.41989],[-75.69591,45.41985],[-75.6963,45.41969],[-75.69697,45.41941],[-75.69693,45.41936],[-75.69692,45.41934],[-75.69691,45.41933]]}},{"type":"Feature","properties":{"id":"barrhaven","name_en":"Barrhaven","name_fr":"Barrhaven","desc_en":"From Strandherd north along the Woodroffe Avenue pathway, then Albert Street to the Laurier bike lane","desc_fr":"De Strandherd vers le nord par le sentier de l’avenue Woodroffe, puis la rue Albert jusqu’à la bande cyclable Laurier","color":"#F58231","distance_km":22,"minutes":79,"carfree_pct":63,"safety":"road","stop_minutes":5,"signals":20},"geometry":{"type":"LineString","coordinates":[[-75.73101,45.2818],[-75.73055,45.282],[-75.73052,45.28201],[-75.73043,45.28205],[-75.73086,45.28278],[-75.7309,45.28285],[-75.73094,45.28293],[-75.73127,45.28348],[-75.73129,45.28352],[-75.73132,45.28357],[-75.73149,45.28385],[-75.73155,45.28402],[-75.73157,45.28418],[-75.73158,45.28427],[-75.73155,45.28445],[-75.73152,45.28454],[-75.73142,45.2847],[-75.73098,45.28529],[-75.73094,45.28534],[-75.73092,45.28539],[-75.73083,45.28557],[-75.73081,45.28567],[-75.73079,45.28577],[-75.73078,45.28595],[-75.73079,45.28602],[-75.7308,45.2861],[-75.73082,45.28618],[-75.73086,45.28633],[-75.73095,45.28653],[-75.73102,45.28662],[-75.73108,45.28669],[-75.73124,45.28683],[-75.73134,45.28691],[-75.73148,45.287],[-75.73158,45.28705],[-75.73168,45.28711],[-75.73201,45.28726],[-75.73228,45.28736],[-75.7327,45.28754],[-75.73296,45.28766],[-75.73309,45.28772],[-75.73319,45.28778],[-75.73337,45.2879],[-75.73361,45.28811],[-75.73373,45.28824],[-75.73379,45.2884],[-75.73382,45.28846],[-75.73385,45.28853],[-75.73383,45.28856],[-75.73382,45.28859],[-75.73372,45.28867],[-75.7335,45.28876]]}},{"type":"Feature","properties":{"id":"barrhaven","name_en":"Barrhaven","name_fr":"Barrhaven","desc_en":"From Strandherd north along the Woodroffe Avenue pathway, then Albert Street to the Laurier bike lane","desc_fr":"De Strandherd vers le nord par le sentier de l’avenue Woodroffe, puis la rue Albert jusqu’à la bande cyclable Laurier","color":"#F58231","distance_km":22,"minutes":79,"carfree_pct":63,"safety":"lane","stop_minutes":5,"signals":20},"geometry":{"type":"LineString","coordinates":[[-75.7335,45.28876],[-75.73311,45.28892],[-75.73252,45.28915],[-75.73106,45.28971],[-75.72911,45.29048],[-75.72871,45.29064],[-75.72852,45.29071],[-75.72842,45.29075],[-75.7281,45.29088],[-75.72773,45.29102],[-75.72736,45.29117],[-75.72732,45.29118],[-75.72717,45.29124]]}},{"type":"Feature","properties":{"id":"barrhaven","name_en":"Barrhaven","name_fr":"Barrhaven","desc_en":"From Strandherd north along the Woodroffe Avenue pathway, then Albert Street to the Laurier bike lane","desc_fr":"De Strandherd vers le nord par le sentier de l’avenue Woodroffe, puis la rue Albert jusqu’à la bande cyclable Laurier","color":"#F58231","distance_km":22,"minutes":79,"carfree_pct":63,"safety":"road","stop_minutes":5,"signals":20},"geometry":{"type":"LineString","coordinates":[[-75.72717,45.29124],[-75.72704,45.29129],[-75.72694,45.29133],[-75.72697,45.29138],[-75.727,45.29144],[-75.72702,45.29148],[-75.72705,45.29153],[-75.72707,45.29157]]}},{"type":"Feature","properties":{"id":"barrhaven","name_en":"Barrhaven","name_fr":"Barrhaven","desc_en":"From Strandherd north along the Woodroffe Avenue pathway, then Albert Street to the Laurier bike lane","desc_fr":"De Strandherd vers le nord par le sentier de l’avenue Woodroffe, puis la rue Albert jusqu’à la bande cyclable Laurier","color":"#F58231","distance_km":22,"minutes":79,"carfree_pct":63,"safety":"carfree","stop_minutes":5,"signals":20},"geometry":{"type":"LineString","coordinates":[[-75.72707,45.29157],[-75.72699,45.29171],[-75.72699,45.29174],[-75.72701,45.29179],[-75.7271,45.29195],[-75.72714,45.29203],[-75.72716,45.29205],[-75.7287,45.29472],[-75.72887,45.29503],[-75.72919,45.2956],[-75.73007,45.29721],[-75.73027,45.29758],[-75.73066,45.29829],[-75.73071,45.2984],[-75.73073,45.29845],[-75.73075,45.29846],[-75.73086,45.2985]]}},{"type":"Feature","properties":{"id":"barrhaven","name_en":"Barrhaven","name_fr":"Barrhaven","desc_en":"From Strandherd north along the Woodroffe Avenue pathway, then Albert Street to the Laurier bike lane","desc_fr":"De Strandherd vers le nord par le sentier de l’avenue Woodroffe, puis la rue Albert jusqu’à la bande cyclable Laurier","color":"#F58231","distance_km":22,"minutes":79,"carfree_pct":63,"safety":"road","stop_minutes":5,"signals":20},"geometry":{"type":"LineString","coordinates":[[-75.73086,45.2985],[-75.73094,45.29851],[-75.731,45.29852],[-75.73101,45.29853],[-75.73102,45.29855],[-75.73105,45.29859],[-75.7311,45.29871],[-75.73115,45.29883]]}},{"type":"Feature","properties":{"id":"barrhaven","name_en":"Barrhaven","name_fr":"Barrhaven","desc_en":"From Strandherd north along the Woodroffe Avenue pathway, then Albert Street to the Laurier bike lane","desc_fr":"De Strandherd vers le nord par le sentier de l’avenue Woodroffe, puis la rue Albert jusqu’à la bande cyclable Laurier","color":"#F58231","distance_km":22,"minutes":79,"carfree_pct":63,"safety":"carfree","stop_minutes":5,"signals":20},"geometry":{"type":"LineString","coordinates":[[-75.73115,45.29883],[-75.7311,45.29901],[-75.7311,45.29905],[-75.73111,45.29908],[-75.73113,45.29911],[-75.73127,45.29924],[-75.73135,45.29935],[-75.73229,45.30097],[-75.73255,45.30138],[-75.73264,45.3015],[-75.73294,45.30198],[-75.73324,45.3025],[-75.73328,45.30256],[-75.73334,45.30259],[-75.73338,45.30263],[-75.73369,45.30317],[-75.73373,45.30323],[-75.73377,45.30332],[-75.73392,45.3036],[-75.73399,45.30389],[-75.73403,45.30399],[-75.73434,45.3045],[-75.73449,45.30476],[-75.73458,45.30492],[-75.73479,45.30524],[-75.73497,45.30554],[-75.73522,45.30599],[-75.73526,45.30609],[-75.73532,45.30633],[-75.73538,45.30645],[-75.73589,45.30727],[-75.73592,45.30732],[-75.73625,45.30789],[-75.73631,45.30798],[-75.73646,45.30817],[-75.73651,45.30825],[-75.73715,45.30939],[-75.73733,45.30973],[-75.73758,45.31035],[-75.7376,45.31038],[-75.73764,45.31041],[-75.7377,45.31044],[-75.73774,45.31047],[-75.73777,45.31049],[-75.73782,45.31055],[-75.7379,45.31063],[-75.7379,45.31066],[-75.73789,45.3107],[-75.73785,45.31076],[-75.73784,45.3108],[-75.73784,45.31087],[-75.73786,45.31104],[-75.73792,45.3112],[-75.73794,45.31124],[-75.73811,45.31137],[-75.73817,45.31146],[-75.73822,45.31159],[-75.73835,45.31184],[-75.7386,45.31225],[-75.7387,45.31234],[-75.73875,45.31241],[-75.73885,45.31256],[-75.73907,45.31291],[-75.73926,45.31326],[-75.73938,45.31348],[-75.73944,45.31362],[-75.73946,45.31369],[-75.73946,45.3138],[-75.73947,45.31389],[-75.73964,45.31429],[-75.73968,45.31434],[-75.73972,45.31438],[-75.74005,45.31462],[-75.74011,45.31469],[-75.74016,45.31491],[-75.74021,45.31502],[-75.74029,45.31517],[-75.74036,45.31531],[-75.74042,45.31548],[-75.74046,45.31556],[-75.7406,45.31572],[-75.7407,45.31591],[-75.74071,45.31594],[-75.74072,45.3161],[-75.74079,45.31632],[-75.74084,45.31644],[-75.74094,45.31662],[-75.74103,45.31676],[-75.74112,45.31684],[-75.74121,45.31689],[-75.74135,45.31696],[-75.74145,45.31699],[-75.74148,45.317],[-75.74151,45.31702],[-75.74154,45.31702],[-75.74158,45.31704],[-75.74166,45.31718],[-75.74167,45.31721],[-75.74171,45.31729],[-75.74175,45.31739],[-75.74174,45.31744],[-75.74175,45.31748],[-75.74216,45.31813],[-75.74256,45.3187],[-75.74272,45.31899],[-75.74277,45.31904],[-75.74289,45.3191],[-75.74295,45.3192],[-75.74299,45.31926],[-75.743,45.31937],[-75.74302,45.31944],[-75.74344,45.32013],[-75.74357,45.32037],[-75.7436,45.32043],[-75.74361,45.3205],[-75.74358,45.32058],[-75.74363,45.32067],[-75.74376,45.32083],[-75.74389,45.32093],[-75.74396,45.32102],[-75.74411,45.32129],[-75.74425,45.32161],[-75.74441,45.3219],[-75.74477,45.32249],[-75.74483,45.32254],[-75.74489,45.32257],[-75.74494,45.3226],[-75.74497,45.32264],[-75.74501,45.32269],[-75.74502,45.32277],[-75.74502,45.32282],[-75.74504,45.32288],[-75.74539,45.32336],[-75.74548,45.3235],[-75.74572,45.32394],[-75.74599,45.3244],[-75.74603,45.32448],[-75.74619,45.32467],[-75.7463,45.32491],[-75.74661,45.32542],[-75.74663,45.32546],[-75.74664,45.32549],[-75.74662,45.32556],[-75.7466,45.32558],[-75.74657,45.32559],[-75.74608,45.32568],[-75.74528,45.32584],[-75.74524,45.32585],[-75.74515,45.32589],[-75.74486,45.32603],[-75.74415,45.3263],[-75.74406,45.32633],[-75.74395,45.32636],[-75.74382,45.32643],[-75.74335,45.32659],[-75.74327,45.32662]]}},{"type":"Feature","properties":{"id":"barrhaven","name_en":"Barrhaven","name_fr":"Barrhaven","desc_en":"From Strandherd north along the Woodroffe Avenue pathway, then Albert Street to the Laurier bike lane","desc_fr":"De Strandherd vers le nord par le sentier de l’avenue Woodroffe, puis la rue Albert jusqu’à la bande cyclable Laurier","color":"#F58231","distance_km":22,"minutes":79,"carfree_pct":63,"safety":"road","stop_minutes":5,"signals":20},"geometry":{"type":"LineString","coordinates":[[-75.74327,45.32662],[-75.74322,45.32664],[-75.74302,45.32672],[-75.74282,45.32679]]}},{"type":"Feature","properties":{"id":"barrhaven","name_en":"Barrhaven","name_fr":"Barrhaven","desc_en":"From Strandherd north along the Woodroffe Avenue pathway, then Albert Street to the Laurier bike lane","desc_fr":"De Strandherd vers le nord par le sentier de l’avenue Woodroffe, puis la rue Albert jusqu’à la bande cyclable Laurier","color":"#F58231","distance_km":22,"minutes":79,"carfree_pct":63,"safety":"carfree","stop_minutes":5,"signals":20},"geometry":{"type":"LineString","coordinates":[[-75.74282,45.32679],[-75.74278,45.3268],[-75.74273,45.32682],[-75.74278,45.32689],[-75.74281,45.32693],[-75.74283,45.32694],[-75.74312,45.32733],[-75.74312,45.32735],[-75.7431,45.32736],[-75.74268,45.3275],[-75.74267,45.32751],[-75.74267,45.32764],[-75.74266,45.32767],[-75.74259,45.32774],[-75.74256,45.32777],[-75.74255,45.32783],[-75.74256,45.3279],[-75.74267,45.32799],[-75.74284,45.32811],[-75.74302,45.32825],[-75.74312,45.32833],[-75.74351,45.32846],[-75.74402,45.32861],[-75.7441,45.32864],[-75.74425,45.32874],[-75.74411,45.32884],[-75.7441,45.32886],[-75.74409,45.32888],[-75.74408,45.32892],[-75.7441,45.32895],[-75.74488,45.32999],[-75.74483,45.33002],[-75.74482,45.33007],[-75.74482,45.33008],[-75.74482,45.33012],[-75.74483,45.33016],[-75.74486,45.33027],[-75.74488,45.33033],[-75.74491,45.3304],[-75.74504,45.33058],[-75.7451,45.33078],[-75.74486,45.33083],[-75.74476,45.33084],[-75.74465,45.33084],[-75.74422,45.33079],[-75.74405,45.3308],[-75.7439,45.33082],[-75.7436,45.33084],[-75.74299,45.33094],[-75.74243,45.33117],[-75.74162,45.33147],[-75.74136,45.33152],[-75.74112,45.33157],[-75.74093,45.33167],[-75.74024,45.33201],[-75.74011,45.33205],[-75.73964,45.33218],[-75.73917,45.33237],[-75.73749,45.33305],[-75.73326,45.33461],[-75.73211,45.33507],[-75.73201,45.33533],[-75.73187,45.33564],[-75.73187,45.33575],[-75.73188,45.33584],[-75.73216,45.33633],[-75.73217,45.33635],[-75.7322,45.33642]]}},{"type":"Feature","properties":{"id":"barrhaven","name_en":"Barrhaven","name_fr":"Barrhaven","desc_en":"From Strandherd north along the Woodroffe Avenue pathway, then Albert Street to the Laurier bike lane","desc_fr":"De Strandherd vers le nord par le sentier de l’avenue Woodroffe, puis la rue Albert jusqu’à la bande cyclable Laurier","color":"#F58231","distance_km":22,"minutes":79,"carfree_pct":63,"safety":"lane","stop_minutes":5,"signals":20},"geometry":{"type":"LineString","coordinates":[[-75.7322,45.33642],[-75.73185,45.33643],[-75.73154,45.33647],[-75.73117,45.33657],[-75.73097,45.33666],[-75.73079,45.33679],[-75.7305,45.33698],[-75.73028,45.33711],[-75.73004,45.3372],[-75.72998,45.33722],[-75.7298,45.33726],[-75.72923,45.33737],[-75.72916,45.33739],[-75.72847,45.33751],[-75.72836,45.33753],[-75.72784,45.33762],[-75.72781,45.33763],[-75.72741,45.3377]]}},{"type":"Feature","properties":{"id":"barrhaven","name_en":"Barrhaven","name_fr":"Barrhaven","desc_en":"From Strandherd north along the Woodroffe Avenue pathway, then Albert Street to the Laurier bike lane","desc_fr":"De Strandherd vers le nord par le sentier de l’avenue Woodroffe, puis la rue Albert jusqu’à la bande cyclable Laurier","color":"#F58231","distance_km":22,"minutes":79,"carfree_pct":63,"safety":"carfree","stop_minutes":5,"signals":20},"geometry":{"type":"LineString","coordinates":[[-75.72741,45.3377],[-75.72732,45.33778],[-75.72728,45.3378],[-75.72724,45.33781],[-75.7272,45.33782],[-75.72715,45.33782],[-75.72711,45.33783],[-75.72694,45.33785],[-75.72667,45.33791],[-75.72643,45.33798],[-75.72637,45.33802],[-75.72633,45.33805],[-75.72629,45.33809],[-75.72627,45.33815],[-75.72627,45.33816],[-75.72635,45.33836],[-75.72678,45.33916],[-75.72722,45.33991],[-75.72731,45.34006],[-75.72745,45.3403],[-75.72728,45.34034],[-75.72713,45.34038],[-75.72708,45.3404],[-75.72682,45.34047],[-75.72506,45.34099],[-75.72484,45.34098],[-75.72468,45.34101],[-75.72456,45.34105],[-75.7246,45.34108],[-75.72463,45.34112],[-75.72523,45.34206],[-75.72527,45.34212],[-75.72525,45.34215],[-75.7252,45.34218],[-75.72468,45.3424],[-75.72461,45.34243],[-75.7246,45.34246],[-75.72462,45.34248],[-75.72481,45.34276],[-75.72503,45.34307],[-75.72557,45.34385],[-75.72562,45.34393]]}},{"type":"Feature","properties":{"id":"barrhaven","name_en":"Barrhaven","name_fr":"Barrhaven","desc_en":"From Strandherd north along the Woodroffe Avenue pathway, then Albert Street to the Laurier bike lane","desc_fr":"De Strandherd vers le nord par le sentier de l’avenue Woodroffe, puis la rue Albert jusqu’à la bande cyclable Laurier","color":"#F58231","distance_km":22,"minutes":79,"carfree_pct":63,"safety":"lane","stop_minutes":5,"signals":20},"geometry":{"type":"LineString","coordinates":[[-75.72562,45.34393],[-75.72594,45.34441],[-75.72612,45.34466],[-75.72618,45.34481],[-75.72621,45.34491],[-75.72622,45.34495],[-75.72625,45.34505],[-75.72627,45.34513],[-75.72631,45.34529],[-75.72655,45.34608],[-75.72667,45.34635],[-75.72679,45.34652],[-75.72685,45.34661],[-75.72706,45.3469],[-75.72725,45.34718],[-75.72726,45.3472],[-75.72732,45.34728],[-75.72735,45.34733],[-75.72736,45.34734],[-75.72737,45.34737],[-75.72749,45.34749],[-75.72762,45.34759],[-75.72772,45.34766],[-75.72846,45.34813],[-75.72854,45.34823],[-75.72859,45.34832],[-75.72885,45.34869],[-75.72891,45.34882],[-75.72894,45.34894],[-75.72893,45.34934],[-75.72895,45.34955],[-75.72897,45.34963],[-75.72903,45.34976],[-75.72928,45.35018],[-75.72945,45.35042],[-75.72987,45.35106],[-75.72995,45.35119],[-75.7301,45.35145],[-75.73037,45.35185],[-75.73045,45.35202],[-75.7305,45.35209],[-75.73082,45.35244]]}},{"type":"Feature","properties":{"id":"barrhaven","name_en":"Barrhaven","name_fr":"Barrhaven","desc_en":"From Strandherd north along the Woodroffe Avenue pathway, then Albert Street to the Laurier bike lane","desc_fr":"De Strandherd vers le nord par le sentier de l’avenue Woodroffe, puis la rue Albert jusqu’à la bande cyclable Laurier","color":"#F58231","distance_km":22,"minutes":79,"carfree_pct":63,"safety":"carfree","stop_minutes":5,"signals":20},"geometry":{"type":"LineString","coordinates":[[-75.73082,45.35244],[-75.73077,45.35251],[-75.73083,45.35256],[-75.73097,45.35266],[-75.731,45.35268],[-75.73101,45.35269],[-75.73101,45.3527],[-75.731,45.35272],[-75.73099,45.35276],[-75.731,45.35279],[-75.73098,45.35283],[-75.73083,45.35305],[-75.7308,45.35313],[-75.73082,45.35318],[-75.73098,45.35346],[-75.73114,45.3537],[-75.73145,45.35421],[-75.73149,45.3543],[-75.73167,45.35469],[-75.73172,45.35488],[-75.73175,45.35505],[-75.73178,45.35516],[-75.73181,45.35527],[-75.73184,45.35533],[-75.73189,45.35538],[-75.73201,45.35544],[-75.73209,45.3555],[-75.73215,45.35556],[-75.7322,45.35564],[-75.73226,45.35568],[-75.7324,45.35571],[-75.7325,45.35577]]}},{"type":"Feature","properties":{"id":"barrhaven","name_en":"Barrhaven","name_fr":"Barrhaven","desc_en":"From Strandherd north along the Woodroffe Avenue pathway, then Albert Street to the Laurier bike lane","desc_fr":"De Strandherd vers le nord par le sentier de l’avenue Woodroffe, puis la rue Albert jusqu’à la bande cyclable Laurier","color":"#F58231","distance_km":22,"minutes":79,"carfree_pct":63,"safety":"lane","stop_minutes":5,"signals":20},"geometry":{"type":"LineString","coordinates":[[-75.7325,45.35577],[-75.73338,45.35679],[-75.73342,45.35683]]}},{"type":"Feature","properties":{"id":"barrhaven","name_en":"Barrhaven","name_fr":"Barrhaven","desc_en":"From Strandherd north along the Woodroffe Avenue pathway, then Albert Street to the Laurier bike lane","desc_fr":"De Strandherd vers le nord par le sentier de l’avenue Woodroffe, puis la rue Albert jusqu’à la bande cyclable Laurier","color":"#F58231","distance_km":22,"minutes":79,"carfree_pct":63,"safety":"road","stop_minutes":5,"signals":20},"geometry":{"type":"LineString","coordinates":[[-75.73342,45.35683],[-75.73293,45.35705],[-75.73202,45.35744],[-75.73192,45.35746],[-75.73187,45.35747],[-75.73184,45.35737],[-75.73182,45.35728],[-75.73179,45.35717],[-75.73162,45.35688],[-75.73151,45.35672],[-75.73145,45.35666],[-75.73136,45.35663],[-75.73127,45.35663],[-75.73043,45.35701],[-75.72957,45.35738],[-75.72873,45.35774],[-75.7287,45.35775],[-75.72863,45.35778],[-75.72856,45.35781],[-75.7263,45.35879],[-75.72476,45.35948],[-75.72385,45.35986],[-75.72389,45.35993],[-75.72397,45.36005],[-75.72401,45.36017],[-75.72401,45.36023],[-75.72399,45.36064],[-75.72399,45.36073],[-75.72203,45.36068],[-75.72192,45.36069],[-75.72183,45.36072],[-75.72148,45.36087],[-75.72055,45.36129],[-75.71975,45.36161],[-75.71972,45.36161],[-75.71965,45.36164],[-75.71977,45.36186],[-75.71981,45.362],[-75.71981,45.36216],[-75.71977,45.36325],[-75.71976,45.36365],[-75.71973,45.3638],[-75.71964,45.36392],[-75.71954,45.36398],[-75.71889,45.36427],[-75.71886,45.36428],[-75.71829,45.36453],[-75.71875,45.36507],[-75.71883,45.36515],[-75.71877,45.36517],[-75.716,45.36638],[-75.71512,45.36676],[-75.71508,45.36679],[-75.71506,45.36682],[-75.71505,45.36686],[-75.71506,45.36689],[-75.71541,45.36748],[-75.71583,45.36822],[-75.71623,45.3689],[-75.71636,45.36916],[-75.71621,45.3692],[-75.71594,45.36927],[-75.71551,45.36939],[-75.71547,45.3694],[-75.71533,45.36945],[-75.71521,45.36949]]}},{"type":"Feature","properties":{"id":"barrhaven","name_en":"Barrhaven","name_fr":"Barrhaven","desc_en":"From Strandherd north along the Woodroffe Avenue pathway, then Albert Street to the Laurier bike lane","desc_fr":"De Strandherd vers le nord par le sentier de l’avenue Woodroffe, puis la rue Albert jusqu’à la bande cyclable Laurier","color":"#F58231","distance_km":22,"minutes":79,"carfree_pct":63,"safety":"carfree","stop_minutes":5,"signals":20},"geometry":{"type":"LineString","coordinates":[[-75.71521,45.36949],[-75.71533,45.36969],[-75.71557,45.37012],[-75.71574,45.37048],[-75.71578,45.37054],[-75.7158,45.37057],[-75.71588,45.37062],[-75.71599,45.37066]]}},{"type":"Feature","properties":{"id":"barrhaven","name_en":"Barrhaven","name_fr":"Barrhaven","desc_en":"From Strandherd north along the Woodroffe Avenue pathway, then Albert Street to the Laurier bike lane","desc_fr":"De Strandherd vers le nord par le sentier de l’avenue Woodroffe, puis la rue Albert jusqu’à la bande cyclable Laurier","color":"#F58231","distance_km":22,"minutes":79,"carfree_pct":63,"safety":"lane","stop_minutes":5,"signals":20},"geometry":{"type":"LineString","coordinates":[[-75.71599,45.37066],[-75.71599,45.37074],[-75.71629,45.37128],[-75.71637,45.37144]]}},{"type":"Feature","properties":{"id":"barrhaven","name_en":"Barrhaven","name_fr":"Barrhaven","desc_en":"From Strandherd north along the Woodroffe Avenue pathway, then Albert Street to the Laurier bike lane","desc_fr":"De Strandherd vers le nord par le sentier de l’avenue Woodroffe, puis la rue Albert jusqu’à la bande cyclable Laurier","color":"#F58231","distance_km":22,"minutes":79,"carfree_pct":63,"safety":"road","stop_minutes":5,"signals":20},"geometry":{"type":"LineString","coordinates":[[-75.71637,45.37144],[-75.7164,45.37148],[-75.71646,45.37159],[-75.71651,45.37167],[-75.71665,45.37189],[-75.71688,45.37228],[-75.71696,45.37241],[-75.71726,45.37291],[-75.71749,45.3732]]}},{"type":"Feature","properties":{"id":"barrhaven","name_en":"Barrhaven","name_fr":"Barrhaven","desc_en":"From Strandherd north along the Woodroffe Avenue pathway, then Albert Street to the Laurier bike lane","desc_fr":"De Strandherd vers le nord par le sentier de l’avenue Woodroffe, puis la rue Albert jusqu’à la bande cyclable Laurier","color":"#F58231","distance_km":22,"minutes":79,"carfree_pct":63,"safety":"lane","stop_minutes":5,"signals":20},"geometry":{"type":"LineString","coordinates":[[-75.71749,45.3732],[-75.71856,45.37495],[-75.71862,45.37504],[-75.71865,45.3751],[-75.71868,45.37515],[-75.71869,45.37518],[-75.71972,45.37694],[-75.71992,45.37731],[-75.72017,45.37773],[-75.7202,45.37778],[-75.72024,45.37784]]}},{"type":"Feature","properties":{"id":"barrhaven","name_en":"Barrhaven","name_fr":"Barrhaven","desc_en":"From Strandherd north along the Woodroffe Avenue pathway, then Albert Street to the Laurier bike lane","desc_fr":"De Strandherd vers le nord par le sentier de l’avenue Woodroffe, puis la rue Albert jusqu’à la bande cyclable Laurier","color":"#F58231","distance_km":22,"minutes":79,"carfree_pct":63,"safety":"carfree","stop_minutes":5,"signals":20},"geometry":{"type":"LineString","coordinates":[[-75.72024,45.37784],[-75.72014,45.37788],[-75.72011,45.3779],[-75.7201,45.37792],[-75.72013,45.37797],[-75.72064,45.37883],[-75.72118,45.37975],[-75.72139,45.3801],[-75.7214,45.38013],[-75.72139,45.3802],[-75.72137,45.38022],[-75.72134,45.38024],[-75.72096,45.38041],[-75.72106,45.38056],[-75.72171,45.38133],[-75.72187,45.38157],[-75.72193,45.38169],[-75.72196,45.38171],[-75.72201,45.38179],[-75.72215,45.38192],[-75.72227,45.38211],[-75.72234,45.38234],[-75.72245,45.38249],[-75.72257,45.3828],[-75.72273,45.3832],[-75.72276,45.38337],[-75.72275,45.38353],[-75.72276,45.38358],[-75.72285,45.38373],[-75.72285,45.38378],[-75.7228,45.38386],[-75.72268,45.38398],[-75.72245,45.38407],[-75.72241,45.38409],[-75.72228,45.3841],[-75.72216,45.38412],[-75.72188,45.3842],[-75.71857,45.38558],[-75.7157,45.38675],[-75.7128,45.38797],[-75.71108,45.38868]]}},{"type":"Feature","properties":{"id":"barrhaven","name_en":"Barrhaven","name_fr":"Barrhaven","desc_en":"From Strandherd north along the Woodroffe Avenue pathway, then Albert Street to the Laurier bike lane","desc_fr":"De Strandherd vers le nord par le sentier de l’avenue Woodroffe, puis la rue Albert jusqu’à la bande cyclable Laurier","color":"#F58231","distance_km":22,"minutes":79,"carfree_pct":63,"safety":"road","stop_minutes":5,"signals":20},"geometry":{"type":"LineString","coordinates":[[-75.71108,45.38868],[-75.71114,45.38876],[-75.711,45.38882],[-75.71076,45.38891],[-75.71017,45.38916],[-75.71009,45.38919],[-75.7092,45.38956],[-75.70909,45.3896],[-75.70868,45.38977],[-75.70863,45.38979],[-75.70781,45.39013],[-75.70769,45.39015],[-75.70761,45.39018],[-75.7076,45.39018],[-75.70755,45.39019],[-75.70746,45.3902],[-75.70741,45.39018],[-75.70735,45.39017],[-75.70729,45.39017],[-75.70723,45.39017],[-75.70718,45.39019],[-75.70713,45.39022],[-75.7071,45.39025],[-75.70707,45.39029],[-75.70706,45.39033],[-75.70707,45.39037],[-75.70709,45.39041],[-75.70712,45.39045],[-75.70717,45.39048],[-75.70722,45.3905],[-75.70736,45.39064],[-75.70752,45.39092]]}},{"type":"Feature","properties":{"id":"barrhaven","name_en":"Barrhaven","name_fr":"Barrhaven","desc_en":"From Strandherd north along the Woodroffe Avenue pathway, then Albert Street to the Laurier bike lane","desc_fr":"De Strandherd vers le nord par le sentier de l’avenue Woodroffe, puis la rue Albert jusqu’à la bande cyclable Laurier","color":"#F58231","distance_km":22,"minutes":79,"carfree_pct":63,"safety":"lane","stop_minutes":5,"signals":20},"geometry":{"type":"LineString","coordinates":[[-75.70752,45.39092],[-75.70761,45.39099],[-75.70778,45.39128],[-75.70804,45.3918],[-75.70832,45.39239],[-75.70838,45.3926],[-75.70841,45.39283],[-75.70843,45.39309],[-75.70845,45.39406],[-75.70844,45.39417],[-75.70843,45.39422],[-75.70841,45.3943],[-75.70834,45.39447],[-75.70827,45.39458],[-75.70811,45.39476],[-75.70793,45.39496],[-75.70777,45.39513],[-75.70761,45.39531],[-75.70691,45.39608]]}},{"type":"Feature","properties":{"id":"barrhaven","name_en":"Barrhaven","name_fr":"Barrhaven","desc_en":"From Strandherd north along the Woodroffe Avenue pathway, then Albert Street to the Laurier bike lane","desc_fr":"De Strandherd vers le nord par le sentier de l’avenue Woodroffe, puis la rue Albert jusqu’à la bande cyclable Laurier","color":"#F58231","distance_km":22,"minutes":79,"carfree_pct":63,"safety":"carfree","stop_minutes":5,"signals":20},"geometry":{"type":"LineString","coordinates":[[-75.70691,45.39608],[-75.70702,45.39612],[-75.70714,45.39614],[-75.70721,45.39614],[-75.70723,45.39621],[-75.7072,45.39635],[-75.70752,45.39678],[-75.70759,45.39699],[-75.70769,45.39715],[-75.70775,45.39719],[-75.70787,45.39722],[-75.70794,45.39721],[-75.70799,45.3972],[-75.70821,45.39711],[-75.70848,45.39702],[-75.70864,45.39695],[-75.70869,45.39692],[-75.70875,45.39686],[-75.70879,45.39684],[-75.70888,45.39682],[-75.70891,45.39686],[-75.70894,45.39691],[-75.70902,45.39705],[-75.70906,45.39712],[-75.7092,45.39732],[-75.70951,45.39783],[-75.70969,45.39811],[-75.7098,45.39828],[-75.71019,45.39889],[-75.71057,45.39953],[-75.71091,45.40014],[-75.71092,45.40015]]}},{"type":"Feature","properties":{"id":"barrhaven","name_en":"Barrhaven","name_fr":"Barrhaven","desc_en":"From Strandherd north along the Woodroffe Avenue pathway, then Albert Street to the Laurier bike lane","desc_fr":"De Strandherd vers le nord par le sentier de l’avenue Woodroffe, puis la rue Albert jusqu’à la bande cyclable Laurier","color":"#F58231","distance_km":22,"minutes":79,"carfree_pct":63,"safety":"road","stop_minutes":5,"signals":20},"geometry":{"type":"LineString","coordinates":[[-75.71092,45.40015],[-75.71095,45.4002],[-75.71097,45.40024]]}},{"type":"Feature","properties":{"id":"barrhaven","name_en":"Barrhaven","name_fr":"Barrhaven","desc_en":"From Strandherd north along the Woodroffe Avenue pathway, then Albert Street to the Laurier bike lane","desc_fr":"De Strandherd vers le nord par le sentier de l’avenue Woodroffe, puis la rue Albert jusqu’à la bande cyclable Laurier","color":"#F58231","distance_km":22,"minutes":79,"carfree_pct":63,"safety":"carfree","stop_minutes":5,"signals":20},"geometry":{"type":"LineString","coordinates":[[-75.71097,45.40024],[-75.71098,45.40025],[-75.71139,45.40085],[-75.71167,45.4013],[-75.7118,45.40153],[-75.71198,45.40183],[-75.71204,45.40198],[-75.71209,45.40204],[-75.71215,45.4021],[-75.71242,45.40239],[-75.71273,45.40276],[-75.71279,45.40283],[-75.71282,45.40294],[-75.71298,45.4031],[-75.71305,45.40318],[-75.71306,45.4032],[-75.71307,45.40324],[-75.71305,45.40335],[-75.71306,45.40341],[-75.71307,45.40344],[-75.71311,45.40348],[-75.71327,45.40359],[-75.71368,45.40384],[-75.71377,45.40391],[-75.71381,45.40394],[-75.71383,45.40396],[-75.71386,45.404],[-75.71392,45.40403],[-75.71412,45.40415],[-75.71457,45.40443],[-75.715,45.40472],[-75.71511,45.4048],[-75.71548,45.40508],[-75.71599,45.40545],[-75.7168,45.40598],[-75.71694,45.40607],[-75.71712,45.40614],[-75.71733,45.40625],[-75.71743,45.4063],[-75.71772,45.40647],[-75.71796,45.40663],[-75.71832,45.40688],[-75.71869,45.40714],[-75.71875,45.4072],[-75.71886,45.4073],[-75.71899,45.40745],[-75.71919,45.4076],[-75.71926,45.40767],[-75.7194,45.40784],[-75.71951,45.40793],[-75.71973,45.40805],[-75.72011,45.40828],[-75.72059,45.40852],[-75.72097,45.40873],[-75.72107,45.40881],[-75.72146,45.40916],[-75.72179,45.40939],[-75.72183,45.40941],[-75.72201,45.40954],[-75.72231,45.4097],[-75.72216,45.40981],[-75.72203,45.40988],[-75.72191,45.40992],[-75.72177,45.40994],[-75.72175,45.40994],[-75.72164,45.40995],[-75.72154,45.40994],[-75.72146,45.40991],[-75.72122,45.40983],[-75.72111,45.4098],[-75.72101,45.4098],[-75.72095,45.4098],[-75.72087,45.40983],[-75.72032,45.41004],[-75.72024,45.41006],[-75.71935,45.4103],[-75.71922,45.41034],[-75.71895,45.41045],[-75.71885,45.41049]]}},{"type":"Feature","properties":{"id":"barrhaven","name_en":"Barrhaven","name_fr":"Barrhaven","desc_en":"From Strandherd north along the Woodroffe Avenue pathway, then Albert Street to the Laurier bike lane","desc_fr":"De Strandherd vers le nord par le sentier de l’avenue Woodroffe, puis la rue Albert jusqu’à la bande cyclable Laurier","color":"#F58231","distance_km":22,"minutes":79,"carfree_pct":63,"safety":"road","stop_minutes":5,"signals":20},"geometry":{"type":"LineString","coordinates":[[-75.71885,45.41049],[-75.71877,45.41052]]}},{"type":"Feature","properties":{"id":"barrhaven","name_en":"Barrhaven","name_fr":"Barrhaven","desc_en":"From Strandherd north along the Woodroffe Avenue pathway, then Albert Street to the Laurier bike lane","desc_fr":"De Strandherd vers le nord par le sentier de l’avenue Woodroffe, puis la rue Albert jusqu’à la bande cyclable Laurier","color":"#F58231","distance_km":22,"minutes":79,"carfree_pct":63,"safety":"carfree","stop_minutes":5,"signals":20},"geometry":{"type":"LineString","coordinates":[[-75.71877,45.41052],[-75.71871,45.41055],[-75.71863,45.41058],[-75.71683,45.41134],[-75.71639,45.41149],[-75.71627,45.41153],[-75.71613,45.41159],[-75.71604,45.41163],[-75.71601,45.41164],[-75.71598,45.41166],[-75.7159,45.41171],[-75.71453,45.4123],[-75.71425,45.41243],[-75.714,45.41253],[-75.71326,45.41284],[-75.71309,45.41289],[-75.71303,45.41291],[-75.71298,45.41295],[-75.71295,45.413],[-75.71283,45.41305],[-75.71271,45.4131],[-75.71264,45.41314],[-75.7126,45.41314]]}},{"type":"Feature","properties":{"id":"barrhaven","name_en":"Barrhaven","name_fr":"Barrhaven","desc_en":"From Strandherd north along the Woodroffe Avenue pathway, then Albert Street to the Laurier bike lane","desc_fr":"De Strandherd vers le nord par le sentier de l’avenue Woodroffe, puis la rue Albert jusqu’à la bande cyclable Laurier","color":"#F58231","distance_km":22,"minutes":79,"carfree_pct":63,"safety":"road","stop_minutes":5,"signals":20},"geometry":{"type":"LineString","coordinates":[[-75.7126,45.41314],[-75.71252,45.41299],[-75.71179,45.4133]]}},{"type":"Feature","properties":{"id":"barrhaven","name_en":"Barrhaven","name_fr":"Barrhaven","desc_en":"From Strandherd north along the Woodroffe Avenue pathway, then Albert Street to the Laurier bike lane","desc_fr":"De Strandherd vers le nord par le sentier de l’avenue Woodroffe, puis la rue Albert jusqu’à la bande cyclable Laurier","color":"#F58231","distance_km":22,"minutes":79,"carfree_pct":63,"safety":"lane","stop_minutes":5,"signals":20},"geometry":{"type":"LineString","coordinates":[[-75.71179,45.4133],[-75.71143,45.41346]]}},{"type":"Feature","properties":{"id":"barrhaven","name_en":"Barrhaven","name_fr":"Barrhaven","desc_en":"From Strandherd north along the Woodroffe Avenue pathway, then Albert Street to the Laurier bike lane","desc_fr":"De Strandherd vers le nord par le sentier de l’avenue Woodroffe, puis la rue Albert jusqu’à la bande cyclable Laurier","color":"#F58231","distance_km":22,"minutes":79,"carfree_pct":63,"safety":"carfree","stop_minutes":5,"signals":20},"geometry":{"type":"LineString","coordinates":[[-75.71143,45.41346],[-75.7113,45.41344],[-75.71124,45.41344],[-75.7112,45.41345],[-75.71081,45.41361],[-75.71077,45.41363],[-75.71069,45.41368],[-75.7106,45.41372],[-75.71058,45.41373],[-75.71039,45.4139],[-75.71035,45.41398],[-75.70997,45.41446],[-75.70991,45.4145],[-75.70967,45.4148],[-75.70949,45.41499],[-75.70944,45.41504],[-75.70936,45.4151],[-75.70927,45.41515],[-75.70909,45.41524],[-75.70868,45.41542],[-75.7086,45.41547],[-75.70838,45.41556]]}},{"type":"Feature","properties":{"id":"barrhaven","name_en":"Barrhaven","name_fr":"Barrhaven","desc_en":"From Strandherd north along the Woodroffe Avenue pathway, then Albert Street to the Laurier bike lane","desc_fr":"De Strandherd vers le nord par le sentier de l’avenue Woodroffe, puis la rue Albert jusqu’à la bande cyclable Laurier","color":"#F58231","distance_km":22,"minutes":79,"carfree_pct":63,"safety":"road","stop_minutes":5,"signals":20},"geometry":{"type":"LineString","coordinates":[[-75.70838,45.41556],[-75.70836,45.41554],[-75.70852,45.41548],[-75.7087,45.41538],[-75.70907,45.41522],[-75.70911,45.4152],[-75.70907,45.41522],[-75.7087,45.41538],[-75.70852,45.41548],[-75.70836,45.41554],[-75.70838,45.41556]]}},{"type":"Feature","properties":{"id":"barrhaven","name_en":"Barrhaven","name_fr":"Barrhaven","desc_en":"From Strandherd north along the Woodroffe Avenue pathway, then Albert Street to the Laurier bike lane","desc_fr":"De Strandherd vers le nord par le sentier de l’avenue Woodroffe, puis la rue Albert jusqu’à la bande cyclable Laurier","color":"#F58231","distance_km":22,"minutes":79,"carfree_pct":63,"safety":"carfree","stop_minutes":5,"signals":20},"geometry":{"type":"LineString","coordinates":[[-75.70838,45.41556],[-75.70832,45.41559],[-75.70829,45.4156],[-75.70819,45.41564],[-75.70809,45.41568],[-75.70804,45.4157],[-75.70799,45.41572],[-75.70792,45.41575],[-75.70788,45.41575],[-75.70756,45.41588],[-75.70743,45.41592],[-75.70735,45.41592],[-75.70728,45.41591],[-75.70723,45.4159],[-75.70723,45.4159],[-75.70708,45.41589],[-75.7068,45.41594],[-75.70672,45.4159],[-75.70652,45.41565],[-75.70649,45.4156],[-75.70644,45.41557]]}},{"type":"Feature","properties":{"id":"barrhaven","name_en":"Barrhaven","name_fr":"Barrhaven","desc_en":"From Strandherd north along the Woodroffe Avenue pathway, then Albert Street to the Laurier bike lane","desc_fr":"De Strandherd vers le nord par le sentier de l’avenue Woodroffe, puis la rue Albert jusqu’à la bande cyclable Laurier","color":"#F58231","distance_km":22,"minutes":79,"carfree_pct":63,"safety":"road","stop_minutes":5,"signals":20},"geometry":{"type":"LineString","coordinates":[[-75.70644,45.41557],[-75.70642,45.41555],[-75.70639,45.41551],[-75.70636,45.41547]]}},{"type":"Feature","properties":{"id":"barrhaven","name_en":"Barrhaven","name_fr":"Barrhaven","desc_en":"From Strandherd north along the Woodroffe Avenue pathway, then Albert Street to the Laurier bike lane","desc_fr":"De Strandherd vers le nord par le sentier de l’avenue Woodroffe, puis la rue Albert jusqu’à la bande cyclable Laurier","color":"#F58231","distance_km":22,"minutes":79,"carfree_pct":63,"safety":"carfree","stop_minutes":5,"signals":20},"geometry":{"type":"LineString","coordinates":[[-75.70636,45.41547],[-75.70572,45.41573],[-75.7051,45.41599],[-75.70489,45.41608],[-75.70484,45.4161],[-75.7048,45.41609],[-75.70477,45.4161],[-75.70471,45.41613],[-75.7047,45.41616],[-75.70466,45.41617],[-75.70334,45.41671],[-75.70325,45.41675],[-75.70316,45.41679],[-75.70243,45.41709],[-75.70225,45.41716],[-75.70186,45.41733],[-75.70128,45.41757],[-75.70117,45.41761],[-75.70107,45.41766],[-75.6991,45.41846],[-75.69903,45.41849],[-75.69893,45.41853],[-75.69764,45.41907],[-75.69713,45.41928],[-75.69703,45.41932],[-75.69698,45.41934],[-75.69693,45.41936]]}},{"type":"Feature","properties":{"id":"barrhaven","name_en":"Barrhaven","name_fr":"Barrhaven","desc_en":"From Strandherd north along the Woodroffe Avenue pathway, then Albert Street to the Laurier bike lane","desc_fr":"De Strandherd vers le nord par le sentier de l’avenue Woodroffe, puis la rue Albert jusqu’à la bande cyclable Laurier","color":"#F58231","distance_km":22,"minutes":79,"carfree_pct":63,"safety":"road","stop_minutes":5,"signals":20},"geometry":{"type":"LineString","coordinates":[[-75.69693,45.41936],[-75.69692,45.41934],[-75.69691,45.41933]]}},{"type":"Feature","properties":{"id":"findlay-creek","name_en":"Findlay Creek / South Keys","name_fr":"Findlay Creek / South Keys","desc_en":"Through Findlay Creek to Albion Road, then the Sawmill Creek Pathway and the Rideau Canal","desc_fr":"À travers Findlay Creek jusqu’au chemin Albion, puis le sentier du ruisseau Sawmill et le canal Rideau","color":"#000075","distance_km":19.7,"minutes":72,"carfree_pct":72,"safety":"carfree","stop_minutes":4,"signals":12,"distance_km_home":21.3,"minutes_home":76},"geometry":{"type":"LineString","coordinates":[[-75.60414,45.31582],[-75.60427,45.31595],[-75.60437,45.31602],[-75.60448,45.31608],[-75.60465,45.31614],[-75.6048,45.31616],[-75.60496,45.31617],[-75.60525,45.31614],[-75.60533,45.31613]]}},{"type":"Feature","properties":{"id":"findlay-creek","name_en":"Findlay Creek / South Keys","name_fr":"Findlay Creek / South Keys","desc_en":"Through Findlay Creek to Albion Road, then the Sawmill Creek Pathway and the Rideau Canal","desc_fr":"À travers Findlay Creek jusqu’au chemin Albion, puis le sentier du ruisseau Sawmill et le canal Rideau","color":"#000075","distance_km":19.7,"minutes":72,"carfree_pct":72,"safety":"road","stop_minutes":4,"signals":12,"distance_km_home":21.3,"minutes_home":76},"geometry":{"type":"LineString","coordinates":[[-75.60533,45.31613],[-75.60534,45.31615],[-75.60541,45.31614],[-75.60546,45.31613],[-75.60635,45.31594],[-75.60721,45.31576],[-75.60735,45.31573],[-75.60746,45.3157],[-75.60772,45.31564],[-75.60834,45.3155],[-75.60921,45.31532],[-75.60927,45.31531],[-75.60934,45.31529],[-75.60937,45.31535]]}},{"type":"Feature","properties":{"id":"findlay-creek","name_en":"Findlay Creek / South Keys","name_fr":"Findlay Creek / South Keys","desc_en":"Through Findlay Creek to Albion Road, then the Sawmill Creek Pathway and the Rideau Canal","desc_fr":"À travers Findlay Creek jusqu’au chemin Albion, puis le sentier du ruisseau Sawmill et le canal Rideau","color":"#000075","distance_km":19.7,"minutes":72,"carfree_pct":72,"safety":"carfree","stop_minutes":4,"signals":12,"distance_km_home":21.3,"minutes_home":76},"geometry":{"type":"LineString","coordinates":[[-75.60937,45.31535],[-75.60944,45.31533],[-75.60947,45.31532],[-75.60968,45.31527],[-75.60977,45.31525],[-75.61,45.3152],[-75.61008,45.3152],[-75.61016,45.31519],[-75.6104,45.31509],[-75.6106,45.31503],[-75.61103,45.315],[-75.61112,45.315],[-75.61171,45.31491],[-75.61177,45.31491]]}},{"type":"Feature","properties":{"id":"findlay-creek","name_en":"Findlay Creek / South Keys","name_fr":"Findlay Creek / South Keys","desc_en":"Through Findlay Creek to Albion Road, then the Sawmill Creek Pathway and the Rideau Canal","desc_fr":"À travers Findlay Creek jusqu’au chemin Albion, puis le sentier du ruisseau Sawmill et le canal Rideau","color":"#000075","distance_km":19.7,"minutes":72,"carfree_pct":72,"safety":"road","stop_minutes":4,"signals":12,"distance_km_home":21.3,"minutes_home":76},"geometry":{"type":"LineString","coordinates":[[-75.61177,45.31491],[-75.61192,45.31488],[-75.61218,45.31486],[-75.61233,45.31483],[-75.61398,45.31416],[-75.61411,45.31412],[-75.61403,45.31397],[-75.61376,45.31351],[-75.61375,45.31349],[-75.61371,45.31343],[-75.61379,45.3134],[-75.61462,45.31308],[-75.61463,45.31309],[-75.61462,45.31308],[-75.61555,45.31279],[-75.61621,45.31253],[-75.61638,45.31246],[-75.61644,45.31244],[-75.61675,45.31296],[-75.61682,45.31307],[-75.61683,45.31309],[-75.61711,45.31358],[-75.61718,45.3137],[-75.61721,45.31376],[-75.6175,45.31427],[-75.61752,45.31429],[-75.61755,45.31435],[-75.61841,45.31401],[-75.61942,45.31361],[-75.61944,45.31358],[-75.61944,45.31353]]}},{"type":"Feature","properties":{"id":"findlay-creek","name_en":"Findlay Creek / South Keys","name_fr":"Findlay Creek / South Keys","desc_en":"Through Findlay Creek to Albion Road, then the Sawmill Creek Pathway and the Rideau Canal","desc_fr":"À travers Findlay Creek jusqu’au chemin Albion, puis le sentier du ruisseau Sawmill et le canal Rideau","color":"#000075","distance_km":19.7,"minutes":72,"carfree_pct":72,"safety":"carfree","stop_minutes":4,"signals":12,"distance_km_home":21.3,"minutes_home":76},"geometry":{"type":"LineString","coordinates":[[-75.61944,45.31353],[-75.61959,45.31349],[-75.61965,45.31347],[-75.61973,45.31345]]}},{"type":"Feature","properties":{"id":"findlay-creek","name_en":"Findlay Creek / South Keys","name_fr":"Findlay Creek / South Keys","desc_en":"Through Findlay Creek to Albion Road, then the Sawmill Creek Pathway and the Rideau Canal","desc_fr":"À travers Findlay Creek jusqu’au chemin Albion, puis le sentier du ruisseau Sawmill et le canal Rideau","color":"#000075","distance_km":19.7,"minutes":72,"carfree_pct":72,"safety":"road","stop_minutes":4,"signals":12,"distance_km_home":21.3,"minutes_home":76},"geometry":{"type":"LineString","coordinates":[[-75.61973,45.31345],[-75.62008,45.31407],[-75.62043,45.31467],[-75.6209,45.31548],[-75.62169,45.31685],[-75.62208,45.31752],[-75.6222,45.31747],[-75.62256,45.31732],[-75.62269,45.31727],[-75.62303,45.31714],[-75.62316,45.31708],[-75.62469,45.31647],[-75.62489,45.31639],[-75.62732,45.31542],[-75.62823,45.31506]]}},{"type":"Feature","properties":{"id":"findlay-creek","name_en":"Findlay Creek / South Keys","name_fr":"Findlay Creek / South Keys","desc_en":"Through Findlay Creek to Albion Road, then the Sawmill Creek Pathway and the Rideau Canal","desc_fr":"À travers Findlay Creek jusqu’au chemin Albion, puis le sentier du ruisseau Sawmill et le canal Rideau","color":"#000075","distance_km":19.7,"minutes":72,"carfree_pct":72,"safety":"carfree","stop_minutes":4,"signals":12,"distance_km_home":21.3,"minutes_home":76},"geometry":{"type":"LineString","coordinates":[[-75.62823,45.31506],[-75.62833,45.31505],[-75.62846,45.31495],[-75.6285,45.31493],[-75.62853,45.31493],[-75.62858,45.31495],[-75.62872,45.31505],[-75.62876,45.31505],[-75.62881,45.31504],[-75.62885,45.31503],[-75.62894,45.315],[-75.629,45.31497],[-75.63009,45.31455],[-75.63014,45.3146],[-75.63015,45.31462],[-75.62998,45.31469],[-75.62988,45.31474],[-75.6299,45.31476],[-75.63006,45.31488],[-75.63017,45.31493],[-75.63054,45.31502],[-75.6306,45.31503],[-75.63065,45.31503],[-75.63074,45.31501],[-75.63154,45.3147],[-75.63183,45.31458],[-75.63202,45.31448],[-75.63213,45.31444],[-75.63317,45.31621],[-75.63319,45.31627],[-75.63322,45.31631],[-75.63484,45.31907],[-75.63514,45.3196],[-75.63583,45.32068],[-75.63837,45.32495],[-75.63841,45.32503],[-75.63854,45.3252],[-75.63859,45.32528],[-75.63867,45.32545],[-75.63875,45.32559],[-75.63926,45.3266],[-75.63973,45.32742],[-75.63981,45.32751],[-75.64004,45.32769],[-75.64067,45.32874],[-75.64156,45.33029],[-75.6423,45.3315],[-75.6427,45.33213],[-75.64305,45.33273],[-75.64338,45.33324],[-75.64346,45.33337],[-75.64352,45.33348],[-75.64357,45.33363],[-75.64359,45.33379],[-75.64361,45.33385],[-75.64365,45.33391],[-75.6437,45.33396],[-75.64376,45.33404],[-75.64389,45.33421],[-75.64429,45.33483],[-75.64437,45.33499],[-75.64443,45.33516],[-75.6445,45.3353],[-75.64517,45.33638],[-75.64531,45.33664],[-75.64552,45.33691],[-75.64624,45.3381],[-75.64655,45.3386],[-75.64842,45.3418],[-75.6491,45.343],[-75.6499,45.34429],[-75.65024,45.34488],[-75.65057,45.3454],[-75.65107,45.34626],[-75.65176,45.34734],[-75.65235,45.34831],[-75.65264,45.34886],[-75.6529,45.34928],[-75.65362,45.35042],[-75.65391,45.35089],[-75.65421,45.35141],[-75.65418,45.35143],[-75.65416,45.35144],[-75.65413,45.35142],[-75.65383,45.3509],[-75.65381,45.35086],[-75.65381,45.35083],[-75.65382,45.35077],[-75.65386,45.35072],[-75.65392,45.3507],[-75.654,45.35067],[-75.65408,45.35068],[-75.65414,45.35069],[-75.65422,45.35073],[-75.65424,45.35075],[-75.6543,45.35083],[-75.65449,45.35112],[-75.65449,45.35117],[-75.65475,45.35172],[-75.65517,45.3523],[-75.65526,45.35241],[-75.65533,45.3524],[-75.65541,45.35242],[-75.65553,45.35247],[-75.65605,45.3528],[-75.65609,45.35284],[-75.65611,45.3529],[-75.65615,45.35298],[-75.6562,45.35304],[-75.65635,45.35317],[-75.65688,45.35352],[-75.65722,45.35382],[-75.65734,45.35393],[-75.65754,45.3541],[-75.65782,45.35431],[-75.6579,45.35435],[-75.65821,45.3545],[-75.65829,45.35455],[-75.65833,45.3546],[-75.65839,45.35468],[-75.6584,45.35473],[-75.65841,45.3549],[-75.65843,45.35495],[-75.65846,45.355],[-75.65868,45.35518],[-75.65879,45.35527],[-75.65884,45.35534],[-75.65916,45.35583],[-75.65923,45.35589],[-75.65935,45.35595],[-75.65953,45.35603],[-75.65963,45.35608],[-75.65969,45.35611],[-75.65975,45.35617],[-75.65994,45.35642],[-75.66012,45.35663],[-75.66074,45.3574],[-75.66083,45.3575],[-75.66145,45.35802],[-75.66172,45.35821],[-75.66184,45.35833],[-75.66207,45.35864],[-75.66238,45.35923],[-75.66258,45.35984],[-75.66268,45.36004],[-75.66271,45.36013],[-75.66275,45.36052],[-75.66293,45.36075],[-75.66308,45.36102],[-75.66318,45.36114],[-75.66338,45.36131],[-75.66342,45.36138],[-75.66357,45.3618],[-75.66358,45.36186],[-75.66356,45.36195],[-75.66349,45.36215],[-75.66349,45.36218],[-75.6638,45.36314],[-75.66388,45.36349],[-75.6639,45.36353],[-75.66404,45.36367],[-75.66409,45.36376],[-75.66408,45.36385],[-75.66407,45.36389],[-75.66392,45.36421],[-75.6639,45.36425],[-75.66389,45.36431],[-75.66389,45.36436],[-75.66393,45.36458],[-75.66385,45.36484],[-75.66384,45.36491],[-75.66387,45.36496],[-75.6639,45.36499],[-75.66395,45.36502],[-75.66402,45.36503],[-75.66428,45.36508],[-75.66432,45.36509],[-75.66448,45.36516],[-75.66467,45.36526],[-75.66475,45.36529],[-75.66488,45.36532],[-75.66494,45.36534],[-75.66497,45.36537],[-75.66499,45.36539],[-75.665,45.36543],[-75.66502,45.36564],[-75.665,45.36575],[-75.66485,45.36623],[-75.66483,45.36632],[-75.66483,45.36636],[-75.66484,45.36639],[-75.66487,45.36643],[-75.66489,45.36645],[-75.66507,45.36659],[-75.66523,45.36679],[-75.66546,45.36705],[-75.66592,45.36741],[-75.66601,45.3675],[-75.6661,45.36763],[-75.66614,45.36767],[-75.66646,45.36789],[-75.66656,45.36797],[-75.66727,45.36863],[-75.6675,45.36882],[-75.66752,45.36883],[-75.66762,45.36888],[-75.66769,45.36888],[-75.66775,45.36887],[-75.66781,45.36886],[-75.66824,45.3687],[-75.66833,45.36868],[-75.66847,45.36867],[-75.66881,45.36868],[-75.6689,45.36869],[-75.66903,45.36875],[-75.66962,45.36912],[-75.6698,45.36922],[-75.67032,45.36941],[-75.67108,45.36975],[-75.67172,45.37002],[-75.67274,45.37041],[-75.67311,45.37058],[-75.67326,45.37064],[-75.67428,45.37095],[-75.67479,45.37113],[-75.67488,45.37116],[-75.67542,45.37126],[-75.67567,45.37133],[-75.67584,45.37139],[-75.67618,45.37156],[-75.67627,45.3716],[-75.67637,45.37162],[-75.67657,45.37164],[-75.67669,45.37166],[-75.67724,45.37179],[-75.67744,45.37183],[-75.6775,45.37184],[-75.67781,45.37186],[-75.67794,45.37188],[-75.67849,45.37206],[-75.67938,45.37238],[-75.67952,45.37244],[-75.6796,45.37249],[-75.67964,45.37252],[-75.67971,45.37258],[-75.67975,45.37263],[-75.67979,45.37273],[-75.6798,45.37277],[-75.6798,45.37285],[-75.67978,45.37334],[-75.67981,45.37384],[-75.68062,45.37378],[-75.68071,45.37379],[-75.68076,45.37381],[-75.68083,45.37385],[-75.68086,45.37388],[-75.68091,45.37412],[-75.68099,45.3744],[-75.68102,45.37449],[-75.68106,45.37456],[-75.68112,45.37465],[-75.68121,45.37474],[-75.68126,45.37479],[-75.68136,45.37485],[-75.6814,45.37487],[-75.68146,45.37489],[-75.68153,45.3749],[-75.68161,45.37491],[-75.68198,45.3749],[-75.68228,45.37488],[-75.68244,45.37486],[-75.68262,45.37482],[-75.68274,45.37478],[-75.68287,45.37472],[-75.68316,45.37456],[-75.68331,45.37444],[-75.68346,45.37429],[-75.6836,45.37416],[-75.68381,45.37401],[-75.68385,45.37399],[-75.68392,45.37398],[-75.68402,45.37397],[-75.68423,45.37399]]}},{"type":"Feature","properties":{"id":"findlay-creek","name_en":"Findlay Creek / South Keys","name_fr":"Findlay Creek / South Keys","desc_en":"Through Findlay Creek to Albion Road, then the Sawmill Creek Pathway and the Rideau Canal","desc_fr":"À travers Findlay Creek jusqu’au chemin Albion, puis le sentier du ruisseau Sawmill et le canal Rideau","color":"#000075","distance_km":19.7,"minutes":72,"carfree_pct":72,"safety":"road","stop_minutes":4,"signals":12,"distance_km_home":21.3,"minutes_home":76},"geometry":{"type":"LineString","coordinates":[[-75.68423,45.37399],[-75.68426,45.37399],[-75.68432,45.37399]]}},{"type":"Feature","properties":{"id":"findlay-creek","name_en":"Findlay Creek / South Keys","name_fr":"Findlay Creek / South Keys","desc_en":"Through Findlay Creek to Albion Road, then the Sawmill Creek Pathway and the Rideau Canal","desc_fr":"À travers Findlay Creek jusqu’au chemin Albion, puis le sentier du ruisseau Sawmill et le canal Rideau","color":"#000075","distance_km":19.7,"minutes":72,"carfree_pct":72,"safety":"carfree","stop_minutes":4,"signals":12,"distance_km_home":21.3,"minutes_home":76},"geometry":{"type":"LineString","coordinates":[[-75.68432,45.37399],[-75.68435,45.37392],[-75.68442,45.37384],[-75.6845,45.37374],[-75.68456,45.37369]]}},{"type":"Feature","properties":{"id":"findlay-creek","name_en":"Findlay Creek / South Keys","name_fr":"Findlay Creek / South Keys","desc_en":"Through Findlay Creek to Albion Road, then the Sawmill Creek Pathway and the Rideau Canal","desc_fr":"À travers Findlay Creek jusqu’au chemin Albion, puis le sentier du ruisseau Sawmill et le canal Rideau","color":"#000075","distance_km":19.7,"minutes":72,"carfree_pct":72,"safety":"road","stop_minutes":4,"signals":12,"distance_km_home":21.3,"minutes_home":76},"geometry":{"type":"LineString","coordinates":[[-75.68456,45.37369],[-75.68454,45.37367],[-75.68452,45.37365],[-75.6845,45.37362],[-75.68449,45.37358],[-75.68448,45.37354],[-75.68447,45.3735]]}},{"type":"Feature","properties":{"id":"findlay-creek","name_en":"Findlay Creek / South Keys","name_fr":"Findlay Creek / South Keys","desc_en":"Through Findlay Creek to Albion Road, then the Sawmill Creek Pathway and the Rideau Canal","desc_fr":"À travers Findlay Creek jusqu’au chemin Albion, puis le sentier du ruisseau Sawmill et le canal Rideau","color":"#000075","distance_km":19.7,"minutes":72,"carfree_pct":72,"safety":"carfree","stop_minutes":4,"signals":12,"distance_km_home":21.3,"minutes_home":76},"geometry":{"type":"LineString","coordinates":[[-75.68447,45.3735],[-75.68456,45.37348],[-75.68464,45.37343],[-75.68464,45.37343],[-75.68514,45.37337],[-75.68547,45.37335],[-75.68558,45.37334],[-75.68575,45.37333],[-75.6859,45.37335],[-75.68639,45.37331],[-75.68645,45.3733],[-75.68653,45.37328],[-75.68671,45.37326],[-75.687,45.37324],[-75.6872,45.37325],[-75.6879,45.3732],[-75.68797,45.3732],[-75.68932,45.37311],[-75.68971,45.37308],[-75.69018,45.37304],[-75.69049,45.37302],[-75.69053,45.37301],[-75.69064,45.37296]]}},{"type":"Feature","properties":{"id":"findlay-creek","name_en":"Findlay Creek / South Keys","name_fr":"Findlay Creek / South Keys","desc_en":"Through Findlay Creek to Albion Road, then the Sawmill Creek Pathway and the Rideau Canal","desc_fr":"À travers Findlay Creek jusqu’au chemin Albion, puis le sentier du ruisseau Sawmill et le canal Rideau","color":"#000075","distance_km":19.7,"minutes":72,"carfree_pct":72,"safety":"road","stop_minutes":4,"signals":12,"distance_km_home":21.3,"minutes_home":76},"geometry":{"type":"LineString","coordinates":[[-75.69064,45.37296],[-75.69067,45.37297],[-75.69072,45.373],[-75.69085,45.37299],[-75.69104,45.37299],[-75.69118,45.37297],[-75.69121,45.37292],[-75.69124,45.37288]]}},{"type":"Feature","properties":{"id":"findlay-creek","name_en":"Findlay Creek / South Keys","name_fr":"Findlay Creek / South Keys","desc_en":"Through Findlay Creek to Albion Road, then the Sawmill Creek Pathway and the Rideau Canal","desc_fr":"À travers Findlay Creek jusqu’au chemin Albion, puis le sentier du ruisseau Sawmill et le canal Rideau","color":"#000075","distance_km":19.7,"minutes":72,"carfree_pct":72,"safety":"carfree","stop_minutes":4,"signals":12,"distance_km_home":21.3,"minutes_home":76},"geometry":{"type":"LineString","coordinates":[[-75.69124,45.37288],[-75.69131,45.37294],[-75.69144,45.37299],[-75.69163,45.37298],[-75.69201,45.37293],[-75.69247,45.37282],[-75.69276,45.37273],[-75.69319,45.37256],[-75.69352,45.37239],[-75.69365,45.37232],[-75.69486,45.37152]]}},{"type":"Feature","properties":{"id":"findlay-creek","name_en":"Findlay Creek / South Keys","name_fr":"Findlay Creek / South Keys","desc_en":"Through Findlay Creek to Albion Road, then the Sawmill Creek Pathway and the Rideau Canal","desc_fr":"À travers Findlay Creek jusqu’au chemin Albion, puis le sentier du ruisseau Sawmill et le canal Rideau","color":"#000075","distance_km":19.7,"minutes":72,"carfree_pct":72,"safety":"road","stop_minutes":4,"signals":12,"distance_km_home":21.3,"minutes_home":76},"geometry":{"type":"LineString","coordinates":[[-75.69486,45.37152],[-75.69495,45.3716],[-75.69502,45.37167],[-75.69504,45.37168],[-75.69531,45.37193],[-75.69545,45.37201],[-75.69548,45.37203],[-75.69561,45.37208],[-75.69578,45.37211],[-75.69602,45.37214]]}},{"type":"Feature","properties":{"id":"findlay-creek","name_en":"Findlay Creek / South Keys","name_fr":"Findlay Creek / South Keys","desc_en":"Through Findlay Creek to Albion Road, then the Sawmill Creek Pathway and the Rideau Canal","desc_fr":"À travers Findlay Creek jusqu’au chemin Albion, puis le sentier du ruisseau Sawmill et le canal Rideau","color":"#000075","distance_km":19.7,"minutes":72,"carfree_pct":72,"safety":"carfree","stop_minutes":4,"signals":12,"distance_km_home":21.3,"minutes_home":76},"geometry":{"type":"LineString","coordinates":[[-75.69602,45.37214],[-75.69601,45.3722],[-75.69595,45.37239],[-75.69593,45.37251],[-75.69595,45.37258],[-75.69609,45.37282],[-75.69629,45.37314],[-75.69639,45.37331],[-75.69661,45.37365],[-75.6968,45.37397],[-75.697,45.37436],[-75.69701,45.37443],[-75.697,45.37449],[-75.69685,45.37475],[-75.69676,45.37492],[-75.69673,45.375],[-75.69675,45.37507],[-75.69678,45.3751],[-75.69683,45.37513],[-75.69691,45.37515],[-75.69709,45.37516],[-75.69761,45.3751],[-75.69776,45.3751],[-75.69787,45.37512],[-75.69805,45.37516],[-75.69812,45.37519],[-75.69827,45.37525],[-75.69833,45.37527],[-75.69874,45.37531],[-75.69899,45.37535],[-75.69911,45.37538],[-75.69921,45.37543],[-75.69928,45.37549],[-75.69933,45.37555],[-75.69937,45.37563],[-75.69941,45.37576],[-75.69943,45.37599],[-75.69937,45.37615],[-75.69933,45.37622],[-75.69928,45.37627],[-75.69928,45.37629],[-75.69929,45.37642],[-75.69937,45.37661],[-75.69951,45.37685],[-75.69954,45.37693],[-75.69958,45.37714],[-75.69958,45.37727],[-75.69958,45.37745],[-75.69957,45.37757],[-75.69954,45.37765],[-75.69953,45.37768],[-75.69945,45.37784],[-75.69936,45.37795],[-75.69906,45.3782],[-75.69892,45.37828],[-75.6989,45.3783],[-75.69889,45.37833],[-75.69888,45.37836],[-75.6989,45.37846],[-75.69888,45.3785],[-75.69885,45.37854],[-75.69869,45.37866],[-75.69864,45.37872],[-75.69856,45.37887],[-75.69845,45.37906],[-75.69839,45.37916],[-75.69832,45.37922],[-75.69821,45.37931],[-75.69797,45.37954],[-75.69773,45.37971],[-75.69753,45.3798],[-75.69745,45.37986],[-75.69736,45.37995],[-75.69721,45.38007],[-75.69709,45.38014],[-75.6966,45.3804],[-75.69651,45.38045],[-75.69635,45.38057],[-75.69598,45.38077],[-75.69592,45.38082],[-75.6958,45.38097],[-75.69575,45.38109],[-75.69573,45.38115],[-75.69568,45.38121],[-75.69547,45.38132],[-75.69541,45.38132],[-75.69524,45.38127],[-75.69514,45.38125],[-75.69507,45.38125],[-75.69498,45.38127],[-75.69501,45.38137],[-75.69501,45.38139],[-75.69499,45.38146],[-75.69499,45.3815],[-75.69501,45.38155],[-75.69519,45.38181]]}},{"type":"Feature","properties":{"id":"findlay-creek","name_en":"Findlay Creek / South Keys","name_fr":"Findlay Creek / South Keys","desc_en":"Through Findlay Creek to Albion Road, then the Sawmill Creek Pathway and the Rideau Canal","desc_fr":"À travers Findlay Creek jusqu’au chemin Albion, puis le sentier du ruisseau Sawmill et le canal Rideau","color":"#000075","distance_km":19.7,"minutes":72,"carfree_pct":72,"safety":"carfree","stop_minutes":4,"signals":12,"dir":"towork","distance_km_home":21.3,"minutes_home":76,"solo":1},"geometry":{"type":"LineString","coordinates":[[-75.69519,45.38181],[-75.69538,45.38209],[-75.69542,45.38215],[-75.69518,45.38222],[-75.695,45.38228],[-75.69474,45.38233],[-75.69458,45.38238],[-75.69459,45.38246],[-75.6946,45.38252]]}},{"type":"Feature","properties":{"id":"findlay-creek","name_en":"Findlay Creek / South Keys","name_fr":"Findlay Creek / South Keys","desc_en":"Through Findlay Creek to Albion Road, then the Sawmill Creek Pathway and the Rideau Canal","desc_fr":"À travers Findlay Creek jusqu’au chemin Albion, puis le sentier du ruisseau Sawmill et le canal Rideau","color":"#000075","distance_km":19.7,"minutes":72,"carfree_pct":72,"safety":"road","stop_minutes":4,"signals":12,"dir":"towork","distance_km_home":21.3,"minutes_home":76,"solo":1},"geometry":{"type":"LineString","coordinates":[[-75.6946,45.38252],[-75.69446,45.38257],[-75.69427,45.38265],[-75.69404,45.38278],[-75.69391,45.38288],[-75.6938,45.38298],[-75.69375,45.38303],[-75.6937,45.38312],[-75.69368,45.38319],[-75.69367,45.3833],[-75.69371,45.38343],[-75.69378,45.38356],[-75.694,45.38393],[-75.69405,45.384],[-75.6941,45.38408],[-75.69467,45.38503],[-75.69471,45.3851],[-75.69477,45.3852],[-75.69494,45.38549],[-75.69505,45.38567],[-75.6951,45.38576],[-75.69519,45.38592],[-75.69528,45.38612],[-75.69534,45.3863],[-75.69538,45.38644],[-75.69547,45.38679],[-75.69563,45.38752]]}},{"type":"Feature","properties":{"id":"findlay-creek","name_en":"Findlay Creek / South Keys","name_fr":"Findlay Creek / South Keys","desc_en":"Through Findlay Creek to Albion Road, then the Sawmill Creek Pathway and the Rideau Canal","desc_fr":"À travers Findlay Creek jusqu’au chemin Albion, puis le sentier du ruisseau Sawmill et le canal Rideau","color":"#000075","distance_km":19.7,"minutes":72,"carfree_pct":72,"safety":"lane","stop_minutes":4,"signals":12,"dir":"towork","distance_km_home":21.3,"minutes_home":76,"solo":1},"geometry":{"type":"LineString","coordinates":[[-75.69563,45.38752],[-75.69567,45.38769],[-75.69571,45.38787],[-75.6958,45.38826],[-75.69579,45.38834],[-75.69579,45.38839],[-75.69581,45.38854]]}},{"type":"Feature","properties":{"id":"findlay-creek","name_en":"Findlay Creek / South Keys","name_fr":"Findlay Creek / South Keys","desc_en":"Through Findlay Creek to Albion Road, then the Sawmill Creek Pathway and the Rideau Canal","desc_fr":"À travers Findlay Creek jusqu’au chemin Albion, puis le sentier du ruisseau Sawmill et le canal Rideau","color":"#000075","distance_km":19.7,"minutes":72,"carfree_pct":72,"safety":"carfree","stop_minutes":4,"signals":12,"dir":"towork","distance_km_home":21.3,"minutes_home":76,"solo":1},"geometry":{"type":"LineString","coordinates":[[-75.69581,45.38854],[-75.69578,45.38861],[-75.69577,45.38868],[-75.69578,45.38872],[-75.69578,45.38876],[-75.69583,45.38875],[-75.69588,45.38874],[-75.69596,45.38873],[-75.69609,45.38871],[-75.69614,45.38877],[-75.69617,45.3888],[-75.69617,45.38881],[-75.69623,45.38888],[-75.69629,45.38896],[-75.6963,45.38904],[-75.69629,45.38907],[-75.69627,45.38908],[-75.69619,45.38911],[-75.69616,45.38913],[-75.6961,45.38916],[-75.6961,45.3892],[-75.69613,45.38923],[-75.69616,45.38931],[-75.69615,45.38941],[-75.69609,45.38946],[-75.69605,45.38949],[-75.69524,45.38985],[-75.69521,45.38988],[-75.69518,45.38991],[-75.69517,45.38994],[-75.69516,45.39001],[-75.69524,45.39045],[-75.69529,45.39066],[-75.69537,45.39083],[-75.69563,45.39138],[-75.69583,45.39177],[-75.69585,45.39183],[-75.69585,45.39194],[-75.69585,45.39196],[-75.69584,45.39206],[-75.69582,45.39209],[-75.69581,45.39211],[-75.69575,45.39215],[-75.69573,45.39215],[-75.69566,45.39218],[-75.69552,45.39222],[-75.69544,45.39225],[-75.69547,45.39229],[-75.6955,45.39235],[-75.69549,45.39242],[-75.69554,45.39245],[-75.6956,45.39249],[-75.6957,45.39264],[-75.69578,45.3928],[-75.69583,45.39294],[-75.69587,45.39313],[-75.6959,45.39333],[-75.69591,45.39337],[-75.69597,45.39346]]}},{"type":"Feature","properties":{"id":"findlay-creek","name_en":"Findlay Creek / South Keys","name_fr":"Findlay Creek / South Keys","desc_en":"Through Findlay Creek to Albion Road, then the Sawmill Creek Pathway and the Rideau Canal","desc_fr":"À travers Findlay Creek jusqu’au chemin Albion, puis le sentier du ruisseau Sawmill et le canal Rideau","color":"#000075","distance_km":19.7,"minutes":72,"carfree_pct":72,"safety":"lane","stop_minutes":4,"signals":12,"dir":"towork","distance_km_home":21.3,"minutes_home":76,"solo":1},"geometry":{"type":"LineString","coordinates":[[-75.69597,45.39346],[-75.69598,45.39363],[-75.69601,45.39398],[-75.69606,45.39444],[-75.69611,45.3948],[-75.69615,45.39495],[-75.69623,45.39512]]}},{"type":"Feature","properties":{"id":"findlay-creek","name_en":"Findlay Creek / South Keys","name_fr":"Findlay Creek / South Keys","desc_en":"Through Findlay Creek to Albion Road, then the Sawmill Creek Pathway and the Rideau Canal","desc_fr":"À travers Findlay Creek jusqu’au chemin Albion, puis le sentier du ruisseau Sawmill et le canal Rideau","color":"#000075","distance_km":19.7,"minutes":72,"carfree_pct":72,"safety":"road","stop_minutes":4,"signals":12,"dir":"towork","distance_km_home":21.3,"minutes_home":76,"solo":1},"geometry":{"type":"LineString","coordinates":[[-75.69623,45.39512],[-75.69612,45.39516],[-75.69608,45.39517],[-75.69582,45.39527],[-75.69542,45.39544],[-75.6954,45.39545],[-75.69531,45.39548],[-75.69523,45.39552],[-75.6951,45.39557],[-75.69495,45.39563],[-75.69485,45.39567],[-75.6948,45.39569],[-75.69476,45.39571],[-75.69456,45.3958],[-75.69442,45.39585],[-75.69427,45.39591],[-75.69429,45.39593],[-75.69427,45.39591],[-75.69427,45.39591],[-75.69413,45.39597],[-75.69412,45.39597],[-75.69398,45.39603],[-75.69396,45.39604],[-75.69383,45.39609],[-75.69367,45.39616],[-75.6936,45.39618],[-75.69353,45.39621],[-75.69337,45.39628],[-75.69322,45.39634],[-75.69318,45.39636],[-75.69308,45.3964],[-75.69294,45.39646],[-75.69281,45.39651],[-75.6928,45.39652],[-75.69267,45.39657],[-75.6926,45.3966],[-75.69257,45.39661],[-75.69247,45.39665],[-75.69243,45.39667],[-75.69233,45.39671],[-75.6923,45.39672],[-75.69219,45.39677],[-75.69218,45.39677],[-75.69206,45.39682],[-75.69189,45.39689],[-75.69168,45.39698],[-75.69165,45.39699],[-75.69157,45.39702],[-75.69189,45.39757],[-75.69192,45.39762],[-75.69193,45.39767],[-75.69225,45.39821],[-75.69226,45.39823],[-75.69229,45.39828],[-75.69259,45.39878],[-75.69265,45.39887],[-75.69269,45.39895],[-75.69287,45.39926],[-75.69293,45.39936],[-75.69294,45.39939],[-75.69299,45.39944],[-75.69316,45.39937],[-75.6932,45.39942],[-75.69321,45.39943],[-75.69364,45.39995],[-75.69369,45.40001],[-75.69373,45.40005],[-75.69417,45.40059],[-75.69421,45.40064],[-75.69424,45.40069],[-75.69468,45.40122],[-75.69473,45.40127],[-75.69477,45.40132],[-75.69521,45.40184],[-75.69524,45.40189],[-75.69529,45.40195],[-75.69577,45.40253],[-75.69581,45.40257]]}},{"type":"Feature","properties":{"id":"findlay-creek","name_en":"Findlay Creek / South Keys","name_fr":"Findlay Creek / South Keys","desc_en":"Through Findlay Creek to Albion Road, then the Sawmill Creek Pathway and the Rideau Canal","desc_fr":"À travers Findlay Creek jusqu’au chemin Albion, puis le sentier du ruisseau Sawmill et le canal Rideau","color":"#000075","distance_km":19.7,"minutes":72,"carfree_pct":72,"safety":"lane","stop_minutes":4,"signals":12,"dir":"towork","distance_km_home":21.3,"minutes_home":76,"solo":1},"geometry":{"type":"LineString","coordinates":[[-75.69581,45.40257],[-75.69574,45.40261],[-75.69263,45.40389],[-75.6926,45.4039],[-75.69252,45.40393],[-75.69244,45.40397],[-75.69099,45.40456],[-75.68987,45.40504],[-75.68969,45.40511],[-75.68959,45.40515],[-75.68949,45.40519],[-75.68941,45.40523]]}},{"type":"Feature","properties":{"id":"findlay-creek","name_en":"Findlay Creek / South Keys","name_fr":"Findlay Creek / South Keys","desc_en":"Through Findlay Creek to Albion Road, then the Sawmill Creek Pathway and the Rideau Canal","desc_fr":"À travers Findlay Creek jusqu’au chemin Albion, puis le sentier du ruisseau Sawmill et le canal Rideau","color":"#000075","distance_km":19.7,"minutes":72,"carfree_pct":72,"safety":"carfree","stop_minutes":4,"signals":12,"dir":"towork","distance_km_home":21.3,"minutes_home":76,"solo":1},"geometry":{"type":"LineString","coordinates":[[-75.68941,45.40523],[-75.68931,45.40522],[-75.6867,45.4063],[-75.68626,45.40648],[-75.68623,45.40654]]}},{"type":"Feature","properties":{"id":"findlay-creek","name_en":"Findlay Creek / South Keys","name_fr":"Findlay Creek / South Keys","desc_en":"Through Findlay Creek to Albion Road, then the Sawmill Creek Pathway and the Rideau Canal","desc_fr":"À travers Findlay Creek jusqu’au chemin Albion, puis le sentier du ruisseau Sawmill et le canal Rideau","color":"#000075","distance_km":19.7,"minutes":72,"carfree_pct":72,"safety":"lane","stop_minutes":4,"signals":12,"dir":"towork","distance_km_home":21.3,"minutes_home":76},"geometry":{"type":"LineString","coordinates":[[-75.68623,45.40654],[-75.68621,45.40654],[-75.68614,45.40657],[-75.68618,45.40662],[-75.68629,45.40676],[-75.68637,45.40685],[-75.68643,45.40693],[-75.68646,45.40698],[-75.68668,45.40724],[-75.68669,45.40725],[-75.68693,45.40755],[-75.68697,45.4076],[-75.68701,45.40766],[-75.68733,45.40805],[-75.68747,45.40822],[-75.68777,45.40859],[-75.68822,45.40916],[-75.68827,45.40922]]}},{"type":"Feature","properties":{"id":"findlay-creek","name_en":"Findlay Creek / South Keys","name_fr":"Findlay Creek / South Keys","desc_en":"Through Findlay Creek to Albion Road, then the Sawmill Creek Pathway and the Rideau Canal","desc_fr":"À travers Findlay Creek jusqu’au chemin Albion, puis le sentier du ruisseau Sawmill et le canal Rideau","color":"#000075","distance_km":19.7,"minutes":72,"carfree_pct":72,"safety":"carfree","stop_minutes":4,"signals":12,"dir":"towork","distance_km_home":21.3,"minutes_home":76},"geometry":{"type":"LineString","coordinates":[[-75.68827,45.40922],[-75.68827,45.40929],[-75.68846,45.40951],[-75.68869,45.40979],[-75.68873,45.40985],[-75.68876,45.40991],[-75.68879,45.40995],[-75.68881,45.40998],[-75.68926,45.41051],[-75.68927,45.41052],[-75.68938,45.41063],[-75.68946,45.41069],[-75.68948,45.41072],[-75.69007,45.41139],[-75.69009,45.41141],[-75.69014,45.41147],[-75.69018,45.41152],[-75.6902,45.41154],[-75.69093,45.41237],[-75.69094,45.41238],[-75.69098,45.41243],[-75.69102,45.41248],[-75.69104,45.4125],[-75.69144,45.41297],[-75.69145,45.41297],[-75.6915,45.41303],[-75.69155,45.41309],[-75.69157,45.41311],[-75.69178,45.41335],[-75.69183,45.41341],[-75.69188,45.41347],[-75.69231,45.41396],[-75.69234,45.414],[-75.6924,45.41406],[-75.69281,45.41454],[-75.69286,45.4146],[-75.69291,45.41466],[-75.69308,45.41487],[-75.6931,45.41489],[-75.69314,45.41494],[-75.69318,45.41499],[-75.69321,45.41501],[-75.69335,45.41517],[-75.69337,45.41519],[-75.6934,45.41523],[-75.69364,45.41551],[-75.69369,45.41556],[-75.69373,45.41561],[-75.69375,45.41563],[-75.69401,45.41593],[-75.69421,45.41615],[-75.69423,45.41618],[-75.69428,45.41623],[-75.69433,45.41629],[-75.69435,45.41631],[-75.6945,45.41648],[-75.69479,45.41682],[-75.69488,45.41693],[-75.69491,45.41696],[-75.69538,45.4175],[-75.69539,45.41752],[-75.69544,45.41757],[-75.69549,45.41762],[-75.69551,45.41764],[-75.69565,45.4178],[-75.69568,45.41784],[-75.69571,45.41787],[-75.69583,45.41802],[-75.69585,45.41804],[-75.69588,45.41807],[-75.69592,45.41812],[-75.69596,45.41817],[-75.69601,45.41823],[-75.69642,45.4187],[-75.69644,45.41872],[-75.69649,45.41878],[-75.69653,45.41883],[-75.69656,45.41886],[-75.69657,45.41888],[-75.69659,45.41894],[-75.69683,45.41921],[-75.6969,45.41925],[-75.69693,45.41929],[-75.69696,45.41932],[-75.69698,45.41934],[-75.69702,45.41939]]}},{"type":"Feature","properties":{"id":"findlay-creek","name_en":"Findlay Creek / South Keys","name_fr":"Findlay Creek / South Keys","desc_en":"Through Findlay Creek to Albion Road, then the Sawmill Creek Pathway and the Rideau Canal","desc_fr":"À travers Findlay Creek jusqu’au chemin Albion, puis le sentier du ruisseau Sawmill et le canal Rideau","color":"#000075","distance_km":19.7,"minutes":72,"carfree_pct":72,"safety":"road","stop_minutes":4,"signals":12,"dir":"towork","distance_km_home":21.3,"minutes_home":76},"geometry":{"type":"LineString","coordinates":[[-75.69702,45.41939],[-75.69697,45.41941],[-75.69693,45.41936],[-75.69692,45.41934],[-75.69691,45.41933]]}},{"type":"Feature","properties":{"id":"findlay-creek","name_en":"Findlay Creek / South Keys","name_fr":"Findlay Creek / South Keys","desc_en":"Through Findlay Creek to Albion Road, then the Sawmill Creek Pathway and the Rideau Canal","desc_fr":"À travers Findlay Creek jusqu’au chemin Albion, puis le sentier du ruisseau Sawmill et le canal Rideau","color":"#000075","distance_km":19.7,"minutes":72,"carfree_pct":72,"safety":"road","stop_minutes":4,"signals":12,"dir":"home","distance_km_home":21.3,"minutes_home":76},"geometry":{"type":"LineString","coordinates":[[-75.69691,45.41933],[-75.69692,45.41934],[-75.69693,45.41936],[-75.69697,45.41941],[-75.6963,45.41969],[-75.69591,45.41985],[-75.69581,45.41989],[-75.69519,45.42014],[-75.6951,45.42018]]}},{"type":"Feature","properties":{"id":"findlay-creek","name_en":"Findlay Creek / South Keys","name_fr":"Findlay Creek / South Keys","desc_en":"Through Findlay Creek to Albion Road, then the Sawmill Creek Pathway and the Rideau Canal","desc_fr":"À travers Findlay Creek jusqu’au chemin Albion, puis le sentier du ruisseau Sawmill et le canal Rideau","color":"#000075","distance_km":19.7,"minutes":72,"carfree_pct":72,"safety":"carfree","stop_minutes":4,"signals":12,"dir":"home","distance_km_home":21.3,"minutes_home":76},"geometry":{"type":"LineString","coordinates":[[-75.6951,45.42018],[-75.69502,45.42021],[-75.69464,45.42037],[-75.69454,45.42041],[-75.69442,45.42047],[-75.69426,45.42053],[-75.69412,45.42059],[-75.69376,45.42074],[-75.69371,45.42076],[-75.69322,45.42096],[-75.69318,45.42098],[-75.69304,45.42104]]}},{"type":"Feature","properties":{"id":"findlay-creek","name_en":"Findlay Creek / South Keys","name_fr":"Findlay Creek / South Keys","desc_en":"Through Findlay Creek to Albion Road, then the Sawmill Creek Pathway and the Rideau Canal","desc_fr":"À travers Findlay Creek jusqu’au chemin Albion, puis le sentier du ruisseau Sawmill et le canal Rideau","color":"#000075","distance_km":19.7,"minutes":72,"carfree_pct":72,"safety":"lane","stop_minutes":4,"signals":12,"dir":"home","distance_km_home":21.3,"minutes_home":76},"geometry":{"type":"LineString","coordinates":[[-75.69304,45.42104],[-75.69288,45.42112],[-75.69272,45.42119],[-75.69266,45.42121],[-75.69207,45.42144],[-75.69181,45.42155],[-75.69148,45.42168],[-75.69128,45.42176],[-75.69098,45.42198],[-75.6909,45.42205],[-75.69086,45.42208],[-75.69058,45.42231],[-75.69038,45.42245],[-75.69017,45.42255]]}},{"type":"Feature","properties":{"id":"findlay-creek","name_en":"Findlay Creek / South Keys","name_fr":"Findlay Creek / South Keys","desc_en":"Through Findlay Creek to Albion Road, then the Sawmill Creek Pathway and the Rideau Canal","desc_fr":"À travers Findlay Creek jusqu’au chemin Albion, puis le sentier du ruisseau Sawmill et le canal Rideau","color":"#000075","distance_km":19.7,"minutes":72,"carfree_pct":72,"safety":"road","stop_minutes":4,"signals":12,"dir":"home","distance_km_home":21.3,"minutes_home":76},"geometry":{"type":"LineString","coordinates":[[-75.69017,45.42255],[-75.69008,45.42257],[-75.69003,45.42257],[-75.68994,45.42256],[-75.6899,45.42255],[-75.68982,45.42253],[-75.68932,45.42231],[-75.68919,45.42225],[-75.68909,45.4222],[-75.68904,45.42224]]}},{"type":"Feature","properties":{"id":"findlay-creek","name_en":"Findlay Creek / South Keys","name_fr":"Findlay Creek / South Keys","desc_en":"Through Findlay Creek to Albion Road, then the Sawmill Creek Pathway and the Rideau Canal","desc_fr":"À travers Findlay Creek jusqu’au chemin Albion, puis le sentier du ruisseau Sawmill et le canal Rideau","color":"#000075","distance_km":19.7,"minutes":72,"carfree_pct":72,"safety":"carfree","stop_minutes":4,"signals":12,"dir":"home","distance_km_home":21.3,"minutes_home":76},"geometry":{"type":"LineString","coordinates":[[-75.68904,45.42224],[-75.68841,45.42194],[-75.68825,45.42187],[-75.68781,45.42168],[-75.68739,45.4215],[-75.68707,45.42137],[-75.68667,45.42118],[-75.68575,45.42077],[-75.68524,45.42055],[-75.68508,45.42044],[-75.685,45.42036],[-75.68489,45.42032],[-75.68478,45.42039],[-75.68428,45.42072],[-75.68446,45.42085],[-75.68441,45.42089],[-75.6841,45.42076],[-75.68327,45.42042],[-75.6832,45.4204],[-75.68314,45.42036],[-75.6831,45.42034]]}},{"type":"Feature","properties":{"id":"findlay-creek","name_en":"Findlay Creek / South Keys","name_fr":"Findlay Creek / South Keys","desc_en":"Through Findlay Creek to Albion Road, then the Sawmill Creek Pathway and the Rideau Canal","desc_fr":"À travers Findlay Creek jusqu’au chemin Albion, puis le sentier du ruisseau Sawmill et le canal Rideau","color":"#000075","distance_km":19.7,"minutes":72,"carfree_pct":72,"safety":"carfree","stop_minutes":4,"signals":12,"dir":"home","distance_km_home":21.3,"minutes_home":76,"solo":1},"geometry":{"type":"LineString","coordinates":[[-75.6831,45.42034],[-75.68293,45.42002],[-75.68177,45.4195],[-75.68135,45.41933],[-75.68059,45.41907],[-75.68045,45.41899],[-75.68028,45.41881],[-75.68026,45.41873],[-75.68005,45.41826],[-75.68,45.41811],[-75.68,45.41799],[-75.68006,45.41782],[-75.68053,45.41713],[-75.68054,45.41712],[-75.68173,45.41535],[-75.6823,45.41451],[-75.68268,45.41393],[-75.68277,45.41379],[-75.68289,45.41362],[-75.68308,45.41303],[-75.68311,45.41287],[-75.68311,45.41263],[-75.68309,45.41239],[-75.68309,45.41219],[-75.68304,45.41191],[-75.68303,45.41186],[-75.68303,45.41178],[-75.68289,45.41157],[-75.68264,45.41117],[-75.68244,45.41088],[-75.68221,45.41058],[-75.68189,45.4102],[-75.68177,45.41005],[-75.68158,45.40978],[-75.68134,45.40941],[-75.68127,45.40928],[-75.68123,45.40917],[-75.68119,45.40904],[-75.68116,45.40885],[-75.68115,45.40864],[-75.68116,45.40845],[-75.68122,45.40823],[-75.68126,45.40784],[-75.68127,45.40759],[-75.68122,45.40704],[-75.68112,45.4066],[-75.68105,45.40634],[-75.68104,45.40632],[-75.68099,45.40619],[-75.68076,45.40565],[-75.68065,45.40535],[-75.68045,45.40477],[-75.68044,45.40474],[-75.68039,45.40461],[-75.68038,45.40458],[-75.68025,45.40428],[-75.68011,45.40401],[-75.67995,45.40375],[-75.6798,45.40359],[-75.67965,45.40342],[-75.67952,45.40324],[-75.67944,45.40307],[-75.67934,45.40283],[-75.67928,45.40262],[-75.67921,45.40239],[-75.67917,45.40229],[-75.67909,45.40216],[-75.67892,45.40194],[-75.67866,45.40165],[-75.67845,45.40135],[-75.6784,45.40124],[-75.67835,45.40109],[-75.67834,45.40099],[-75.67835,45.40083],[-75.67857,45.40008],[-75.67874,45.39929],[-75.67881,45.39904],[-75.67885,45.39892],[-75.67894,45.39878],[-75.67895,45.39877],[-75.67904,45.39863],[-75.68052,45.39708],[-75.68073,45.3969],[-75.68096,45.39673],[-75.6812,45.3966],[-75.68172,45.39643],[-75.68235,45.3963],[-75.6829,45.39624],[-75.68361,45.3962],[-75.6841,45.39616],[-75.68447,45.39608],[-75.68512,45.39606],[-75.68545,45.39606],[-75.6856,45.39607],[-75.68584,45.39608],[-75.68601,45.39609],[-75.68637,45.39607],[-75.68673,45.39603],[-75.68724,45.39595],[-75.6874,45.39592],[-75.68775,45.39584],[-75.68811,45.39573],[-75.68838,45.39558],[-75.68868,45.39539],[-75.6891,45.39506],[-75.68935,45.39489],[-75.68981,45.39454],[-75.69004,45.39438],[-75.69015,45.39433],[-75.69075,45.39408],[-75.69125,45.39395],[-75.6916,45.39388],[-75.69165,45.39387],[-75.69163,45.39379],[-75.69161,45.39372],[-75.69161,45.39366],[-75.69161,45.39362],[-75.6916,45.39359],[-75.69159,45.39357],[-75.69154,45.39354],[-75.69152,45.39353],[-75.69151,45.39347],[-75.69158,45.39344]]}},{"type":"Feature","properties":{"id":"findlay-creek","name_en":"Findlay Creek / South Keys","name_fr":"Findlay Creek / South Keys","desc_en":"Through Findlay Creek to Albion Road, then the Sawmill Creek Pathway and the Rideau Canal","desc_fr":"À travers Findlay Creek jusqu’au chemin Albion, puis le sentier du ruisseau Sawmill et le canal Rideau","color":"#000075","distance_km":19.7,"minutes":72,"carfree_pct":72,"safety":"lane","stop_minutes":4,"signals":12,"dir":"home","distance_km_home":21.3,"minutes_home":76,"solo":1},"geometry":{"type":"LineString","coordinates":[[-75.69158,45.39344],[-75.69127,45.39309],[-75.69125,45.39306],[-75.69107,45.39284],[-75.69105,45.39282],[-75.691,45.39277],[-75.69096,45.39271],[-75.69094,45.39268],[-75.69076,45.39246],[-75.6906,45.39227],[-75.69052,45.39217],[-75.69048,45.39212],[-75.69027,45.39186],[-75.69005,45.3916],[-75.68998,45.39153],[-75.68994,45.39147],[-75.68949,45.39092],[-75.6892,45.39058],[-75.68903,45.39037],[-75.68901,45.39035],[-75.68897,45.39031],[-75.68893,45.39026],[-75.68891,45.39023],[-75.68847,45.3897],[-75.68807,45.38923],[-75.68803,45.38918],[-75.68799,45.38914],[-75.68761,45.38868],[-75.68759,45.38865],[-75.68758,45.38863]]}},{"type":"Feature","properties":{"id":"findlay-creek","name_en":"Findlay Creek / South Keys","name_fr":"Findlay Creek / South Keys","desc_en":"Through Findlay Creek to Albion Road, then the Sawmill Creek Pathway and the Rideau Canal","desc_fr":"À travers Findlay Creek jusqu’au chemin Albion, puis le sentier du ruisseau Sawmill et le canal Rideau","color":"#000075","distance_km":19.7,"minutes":72,"carfree_pct":72,"safety":"carfree","stop_minutes":4,"signals":12,"dir":"home","distance_km_home":21.3,"minutes_home":76,"solo":1},"geometry":{"type":"LineString","coordinates":[[-75.68758,45.38863],[-75.68764,45.38861],[-75.68767,45.38859],[-75.68776,45.38855],[-75.68781,45.38853],[-75.68791,45.38841],[-75.68803,45.38833],[-75.68806,45.38831],[-75.68823,45.38823],[-75.68831,45.38822],[-75.68845,45.38819],[-75.68866,45.38805],[-75.68874,45.38794],[-75.68897,45.38768],[-75.68912,45.38758],[-75.68924,45.38754],[-75.68963,45.38749],[-75.68976,45.38745],[-75.68983,45.38743],[-75.69005,45.38735],[-75.6906,45.38712],[-75.69098,45.38698],[-75.69127,45.38698],[-75.69137,45.38694],[-75.69155,45.38688],[-75.69163,45.38685],[-75.69184,45.38688],[-75.69219,45.38673],[-75.69233,45.38665],[-75.69242,45.38658],[-75.69265,45.38637],[-75.69274,45.3863],[-75.69287,45.38623],[-75.69302,45.38617],[-75.69324,45.3861],[-75.6933,45.38608],[-75.69364,45.38596],[-75.69368,45.38594],[-75.69373,45.38596],[-75.69384,45.38591],[-75.69385,45.38588],[-75.694,45.38582],[-75.6942,45.38574],[-75.69425,45.38571],[-75.69433,45.38567],[-75.69437,45.38564],[-75.69442,45.38561],[-75.69451,45.38551],[-75.69464,45.3853],[-75.6947,45.38526],[-75.6947,45.38522],[-75.69477,45.3852]]}},{"type":"Feature","properties":{"id":"findlay-creek","name_en":"Findlay Creek / South Keys","name_fr":"Findlay Creek / South Keys","desc_en":"Through Findlay Creek to Albion Road, then the Sawmill Creek Pathway and the Rideau Canal","desc_fr":"À travers Findlay Creek jusqu’au chemin Albion, puis le sentier du ruisseau Sawmill et le canal Rideau","color":"#000075","distance_km":19.7,"minutes":72,"carfree_pct":72,"safety":"road","stop_minutes":4,"signals":12,"dir":"home","distance_km_home":21.3,"minutes_home":76,"solo":1},"geometry":{"type":"LineString","coordinates":[[-75.69477,45.3852],[-75.69471,45.3851],[-75.69467,45.38503],[-75.6941,45.38408],[-75.69405,45.384],[-75.694,45.38393],[-75.69378,45.38356],[-75.69371,45.38343],[-75.69367,45.3833],[-75.69368,45.38319],[-75.6937,45.38312],[-75.69375,45.38303],[-75.6938,45.38298],[-75.69391,45.38288],[-75.69404,45.38278],[-75.69427,45.38265],[-75.69446,45.38257],[-75.6946,45.38252]]}},{"type":"Feature","properties":{"id":"findlay-creek","name_en":"Findlay Creek / South Keys","name_fr":"Findlay Creek / South Keys","desc_en":"Through Findlay Creek to Albion Road, then the Sawmill Creek Pathway and the Rideau Canal","desc_fr":"À travers Findlay Creek jusqu’au chemin Albion, puis le sentier du ruisseau Sawmill et le canal Rideau","color":"#000075","distance_km":19.7,"minutes":72,"carfree_pct":72,"safety":"carfree","stop_minutes":4,"signals":12,"dir":"home","distance_km_home":21.3,"minutes_home":76,"solo":1},"geometry":{"type":"LineString","coordinates":[[-75.6946,45.38252],[-75.69459,45.38246],[-75.69458,45.38238],[-75.69474,45.38233],[-75.695,45.38228],[-75.69518,45.38222],[-75.69542,45.38215],[-75.69538,45.38209],[-75.69519,45.38181]]}},{"type":"Feature","properties":{"id":"alta-vista","name_en":"Greenboro","name_fr":"Greenboro","desc_en":"From Greenboro up the Conroy Road pathway, then through Alta Vista to downtown","desc_fr":"De Greenboro par le sentier du chemin Conroy, puis à travers Alta Vista jusqu’au centre-ville","color":"#fff200eb","distance_km":11.9,"minutes":45,"carfree_pct":68,"safety":"carfree","stop_minutes":4,"signals":19},"geometry":{"type":"LineString","coordinates":[[-75.62983,45.36337],[-75.62971,45.36336],[-75.62927,45.36332],[-75.62914,45.36332],[-75.62883,45.36336],[-75.62836,45.36346],[-75.6277,45.36365],[-75.62738,45.36375],[-75.62708,45.36388],[-75.62702,45.36395],[-75.62693,45.36398],[-75.62685,45.36402],[-75.62681,45.36403],[-75.62677,45.36402],[-75.62647,45.36414],[-75.626,45.3644],[-75.62549,45.36458],[-75.62489,45.36472],[-75.6245,45.36486],[-75.62428,45.36496],[-75.62402,45.36506],[-75.62385,45.36516],[-75.62372,45.3653],[-75.62308,45.36564],[-75.62305,45.36563],[-75.62296,45.36565],[-75.62285,45.36568],[-75.62286,45.3657],[-75.62217,45.36616],[-75.62177,45.36641],[-75.6216,45.36651],[-75.62142,45.36659],[-75.62115,45.36673],[-75.62101,45.36681],[-75.62093,45.36685],[-75.62091,45.36683],[-75.62093,45.36685],[-75.62125,45.36744],[-75.62231,45.36926]]}},{"type":"Feature","properties":{"id":"alta-vista","name_en":"Greenboro","name_fr":"Greenboro","desc_en":"From Greenboro up the Conroy Road pathway, then through Alta Vista to downtown","desc_fr":"De Greenboro par le sentier du chemin Conroy, puis à travers Alta Vista jusqu’au centre-ville","color":"#fff200eb","distance_km":11.9,"minutes":45,"carfree_pct":68,"safety":"road","stop_minutes":4,"signals":19},"geometry":{"type":"LineString","coordinates":[[-75.62231,45.36926],[-75.62237,45.36936],[-75.62242,45.36944]]}},{"type":"Feature","properties":{"id":"alta-vista","name_en":"Greenboro","name_fr":"Greenboro","desc_en":"From Greenboro up the Conroy Road pathway, then through Alta Vista to downtown","desc_fr":"De Greenboro par le sentier du chemin Conroy, puis à travers Alta Vista jusqu’au centre-ville","color":"#fff200eb","distance_km":11.9,"minutes":45,"carfree_pct":68,"safety":"carfree","stop_minutes":4,"signals":19},"geometry":{"type":"LineString","coordinates":[[-75.62242,45.36944],[-75.62296,45.37043],[-75.62338,45.37114],[-75.6243,45.37279],[-75.62448,45.37313]]}},{"type":"Feature","properties":{"id":"alta-vista","name_en":"Greenboro","name_fr":"Greenboro","desc_en":"From Greenboro up the Conroy Road pathway, then through Alta Vista to downtown","desc_fr":"De Greenboro par le sentier du chemin Conroy, puis à travers Alta Vista jusqu’au centre-ville","color":"#fff200eb","distance_km":11.9,"minutes":45,"carfree_pct":68,"safety":"road","stop_minutes":4,"signals":19},"geometry":{"type":"LineString","coordinates":[[-75.62448,45.37313],[-75.62453,45.37321],[-75.62457,45.37328],[-75.62461,45.37335]]}},{"type":"Feature","properties":{"id":"alta-vista","name_en":"Greenboro","name_fr":"Greenboro","desc_en":"From Greenboro up the Conroy Road pathway, then through Alta Vista to downtown","desc_fr":"De Greenboro par le sentier du chemin Conroy, puis à travers Alta Vista jusqu’au centre-ville","color":"#fff200eb","distance_km":11.9,"minutes":45,"carfree_pct":68,"safety":"carfree","stop_minutes":4,"signals":19},"geometry":{"type":"LineString","coordinates":[[-75.62461,45.37335],[-75.62464,45.37339],[-75.62523,45.37451],[-75.62567,45.3754],[-75.62596,45.37597],[-75.62608,45.3762],[-75.62614,45.37633],[-75.62622,45.37641],[-75.62632,45.37671],[-75.62677,45.37755]]}},{"type":"Feature","properties":{"id":"alta-vista","name_en":"Greenboro","name_fr":"Greenboro","desc_en":"From Greenboro up the Conroy Road pathway, then through Alta Vista to downtown","desc_fr":"De Greenboro par le sentier du chemin Conroy, puis à travers Alta Vista jusqu’au centre-ville","color":"#fff200eb","distance_km":11.9,"minutes":45,"carfree_pct":68,"safety":"road","stop_minutes":4,"signals":19},"geometry":{"type":"LineString","coordinates":[[-75.62677,45.37755],[-75.62682,45.37765],[-75.62688,45.37775]]}},{"type":"Feature","properties":{"id":"alta-vista","name_en":"Greenboro","name_fr":"Greenboro","desc_en":"From Greenboro up the Conroy Road pathway, then through Alta Vista to downtown","desc_fr":"De Greenboro par le sentier du chemin Conroy, puis à travers Alta Vista jusqu’au centre-ville","color":"#fff200eb","distance_km":11.9,"minutes":45,"carfree_pct":68,"safety":"carfree","stop_minutes":4,"signals":19},"geometry":{"type":"LineString","coordinates":[[-75.62688,45.37775],[-75.6275,45.37896],[-75.6277,45.37933],[-75.62783,45.37963],[-75.62789,45.37974],[-75.62813,45.38018],[-75.62832,45.38057],[-75.62842,45.38072],[-75.62848,45.38075]]}},{"type":"Feature","properties":{"id":"alta-vista","name_en":"Greenboro","name_fr":"Greenboro","desc_en":"From Greenboro up the Conroy Road pathway, then through Alta Vista to downtown","desc_fr":"De Greenboro par le sentier du chemin Conroy, puis à travers Alta Vista jusqu’au centre-ville","color":"#fff200eb","distance_km":11.9,"minutes":45,"carfree_pct":68,"safety":"road","stop_minutes":4,"signals":19},"geometry":{"type":"LineString","coordinates":[[-75.62848,45.38075],[-75.62847,45.3808],[-75.62846,45.38086],[-75.6285,45.38095],[-75.62855,45.38104]]}},{"type":"Feature","properties":{"id":"alta-vista","name_en":"Greenboro","name_fr":"Greenboro","desc_en":"From Greenboro up the Conroy Road pathway, then through Alta Vista to downtown","desc_fr":"De Greenboro par le sentier du chemin Conroy, puis à travers Alta Vista jusqu’au centre-ville","color":"#fff200eb","distance_km":11.9,"minutes":45,"carfree_pct":68,"safety":"carfree","stop_minutes":4,"signals":19},"geometry":{"type":"LineString","coordinates":[[-75.62855,45.38104],[-75.62858,45.38106],[-75.62872,45.38133],[-75.629,45.38185],[-75.62943,45.38243],[-75.62966,45.3827],[-75.62973,45.38276],[-75.63023,45.38321],[-75.63044,45.38338],[-75.63046,45.38339],[-75.63056,45.38345]]}},{"type":"Feature","properties":{"id":"alta-vista","name_en":"Greenboro","name_fr":"Greenboro","desc_en":"From Greenboro up the Conroy Road pathway, then through Alta Vista to downtown","desc_fr":"De Greenboro par le sentier du chemin Conroy, puis à travers Alta Vista jusqu’au centre-ville","color":"#fff200eb","distance_km":11.9,"minutes":45,"carfree_pct":68,"safety":"road","stop_minutes":4,"signals":19},"geometry":{"type":"LineString","coordinates":[[-75.63056,45.38345],[-75.63055,45.38349],[-75.63055,45.38352],[-75.63055,45.38353],[-75.63054,45.38354],[-75.63045,45.38357],[-75.63028,45.38364],[-75.63024,45.38365],[-75.63021,45.38367],[-75.63021,45.38367],[-75.63023,45.3837],[-75.63025,45.38374],[-75.63034,45.38385],[-75.63037,45.3839]]}},{"type":"Feature","properties":{"id":"alta-vista","name_en":"Greenboro","name_fr":"Greenboro","desc_en":"From Greenboro up the Conroy Road pathway, then through Alta Vista to downtown","desc_fr":"De Greenboro par le sentier du chemin Conroy, puis à travers Alta Vista jusqu’au centre-ville","color":"#fff200eb","distance_km":11.9,"minutes":45,"carfree_pct":68,"safety":"carfree","stop_minutes":4,"signals":19},"geometry":{"type":"LineString","coordinates":[[-75.63037,45.3839],[-75.63041,45.38393],[-75.63046,45.38394],[-75.63047,45.38394],[-75.63052,45.38394],[-75.63056,45.38393],[-75.63244,45.38317],[-75.63262,45.3831],[-75.63302,45.38294],[-75.63312,45.38294],[-75.63316,45.38298],[-75.63322,45.38301],[-75.6339,45.38386],[-75.63474,45.3849],[-75.63486,45.38504],[-75.63534,45.38558],[-75.63587,45.38619],[-75.63619,45.38659],[-75.63656,45.3871],[-75.63715,45.38783],[-75.63746,45.38819],[-75.63768,45.38835]]}},{"type":"Feature","properties":{"id":"alta-vista","name_en":"Greenboro","name_fr":"Greenboro","desc_en":"From Greenboro up the Conroy Road pathway, then through Alta Vista to downtown","desc_fr":"De Greenboro par le sentier du chemin Conroy, puis à travers Alta Vista jusqu’au centre-ville","color":"#fff200eb","distance_km":11.9,"minutes":45,"carfree_pct":68,"safety":"road","stop_minutes":4,"signals":19},"geometry":{"type":"LineString","coordinates":[[-75.63768,45.38835],[-75.63799,45.3883],[-75.63807,45.3883],[-75.63818,45.38829],[-75.63819,45.38836],[-75.6382,45.38843]]}},{"type":"Feature","properties":{"id":"alta-vista","name_en":"Greenboro","name_fr":"Greenboro","desc_en":"From Greenboro up the Conroy Road pathway, then through Alta Vista to downtown","desc_fr":"De Greenboro par le sentier du chemin Conroy, puis à travers Alta Vista jusqu’au centre-ville","color":"#fff200eb","distance_km":11.9,"minutes":45,"carfree_pct":68,"safety":"carfree","stop_minutes":4,"signals":19},"geometry":{"type":"LineString","coordinates":[[-75.6382,45.38843],[-75.6382,45.38845],[-75.63821,45.38847],[-75.63824,45.38848],[-75.63834,45.38849],[-75.6384,45.38848],[-75.6385,45.38845],[-75.63854,45.38845],[-75.63859,45.38845],[-75.63867,45.38848],[-75.63874,45.38852],[-75.63881,45.38857],[-75.63887,45.38864],[-75.63895,45.38876],[-75.63902,45.38892],[-75.6391,45.38905],[-75.6392,45.38912],[-75.63938,45.38926],[-75.63946,45.38935],[-75.63955,45.38945],[-75.63959,45.38956],[-75.63964,45.38978],[-75.63974,45.39008],[-75.63981,45.39052],[-75.63991,45.39095],[-75.63991,45.39106],[-75.63989,45.39126],[-75.63996,45.39146],[-75.64002,45.39155],[-75.64023,45.39174],[-75.64036,45.39189],[-75.64066,45.39224],[-75.64083,45.39262],[-75.64092,45.39279],[-75.64108,45.3929],[-75.64136,45.39308],[-75.64146,45.39321],[-75.64185,45.39356],[-75.64185,45.39363],[-75.64182,45.39374],[-75.64182,45.39381],[-75.64221,45.3939],[-75.64223,45.39397],[-75.64226,45.39403],[-75.64251,45.39429],[-75.64259,45.39439],[-75.64271,45.39459],[-75.64283,45.3948],[-75.64291,45.39492],[-75.64302,45.39503],[-75.64309,45.39512],[-75.6431,45.3952],[-75.64309,45.39528],[-75.64306,45.39535],[-75.64303,45.39542],[-75.64281,45.39577],[-75.6428,45.39583],[-75.64282,45.39591],[-75.64285,45.39594],[-75.64294,45.396],[-75.64322,45.39618],[-75.64321,45.39618],[-75.64322,45.39618],[-75.64365,45.39601],[-75.64427,45.3958],[-75.64598,45.39563],[-75.64709,45.39555],[-75.64767,45.39551],[-75.64824,45.39549],[-75.64835,45.39549]]}},{"type":"Feature","properties":{"id":"alta-vista","name_en":"Greenboro","name_fr":"Greenboro","desc_en":"From Greenboro up the Conroy Road pathway, then through Alta Vista to downtown","desc_fr":"De Greenboro par le sentier du chemin Conroy, puis à travers Alta Vista jusqu’au centre-ville","color":"#fff200eb","distance_km":11.9,"minutes":45,"carfree_pct":68,"safety":"lane","stop_minutes":4,"signals":19},"geometry":{"type":"LineString","coordinates":[[-75.64835,45.39549],[-75.64837,45.39541]]}},{"type":"Feature","properties":{"id":"alta-vista","name_en":"Greenboro","name_fr":"Greenboro","desc_en":"From Greenboro up the Conroy Road pathway, then through Alta Vista to downtown","desc_fr":"De Greenboro par le sentier du chemin Conroy, puis à travers Alta Vista jusqu’au centre-ville","color":"#fff200eb","distance_km":11.9,"minutes":45,"carfree_pct":68,"safety":"road","stop_minutes":4,"signals":19},"geometry":{"type":"LineString","coordinates":[[-75.64837,45.39541],[-75.64845,45.3954],[-75.6485,45.3954],[-75.64964,45.39531],[-75.64967,45.39531],[-75.65057,45.39524],[-75.65099,45.39522],[-75.65135,45.39519],[-75.65277,45.3951],[-75.65507,45.39494],[-75.65638,45.39484],[-75.65648,45.39483],[-75.65655,45.39483],[-75.65776,45.39475],[-75.66156,45.39447],[-75.6626,45.39439],[-75.66263,45.39439],[-75.66276,45.39437],[-75.66291,45.39436],[-75.66295,45.39436],[-75.66405,45.39429],[-75.66521,45.3942],[-75.6678,45.39402],[-75.66787,45.39403],[-75.66793,45.39405],[-75.66795,45.39407],[-75.66798,45.3941],[-75.66802,45.39413],[-75.66807,45.3941],[-75.66817,45.39405],[-75.6682,45.39403],[-75.66826,45.39397]]}},{"type":"Feature","properties":{"id":"alta-vista","name_en":"Greenboro","name_fr":"Greenboro","desc_en":"From Greenboro up the Conroy Road pathway, then through Alta Vista to downtown","desc_fr":"De Greenboro par le sentier du chemin Conroy, puis à travers Alta Vista jusqu’au centre-ville","color":"#fff200eb","distance_km":11.9,"minutes":45,"carfree_pct":68,"safety":"carfree","stop_minutes":4,"signals":19},"geometry":{"type":"LineString","coordinates":[[-75.66826,45.39397],[-75.66831,45.39398],[-75.66833,45.39399],[-75.6685,45.39399],[-75.66866,45.39398],[-75.66871,45.39399],[-75.66877,45.39402],[-75.66882,45.39408],[-75.66892,45.39422],[-75.66893,45.39427],[-75.66887,45.39451],[-75.66885,45.39454],[-75.66881,45.39459]]}},{"type":"Feature","properties":{"id":"alta-vista","name_en":"Greenboro","name_fr":"Greenboro","desc_en":"From Greenboro up the Conroy Road pathway, then through Alta Vista to downtown","desc_fr":"De Greenboro par le sentier du chemin Conroy, puis à travers Alta Vista jusqu’au centre-ville","color":"#fff200eb","distance_km":11.9,"minutes":45,"carfree_pct":68,"safety":"road","stop_minutes":4,"signals":19},"geometry":{"type":"LineString","coordinates":[[-75.66881,45.39459],[-75.66877,45.39458],[-75.66874,45.39459],[-75.66871,45.3946],[-75.66868,45.39463],[-75.66842,45.39511],[-75.6684,45.39515],[-75.66837,45.3952],[-75.66816,45.39559],[-75.66815,45.39562],[-75.66811,45.3957],[-75.66806,45.39579],[-75.66776,45.39637],[-75.6677,45.39655],[-75.6677,45.39663],[-75.66772,45.39667],[-75.66778,45.39666],[-75.66779,45.39661],[-75.66778,45.39666]]}},{"type":"Feature","properties":{"id":"alta-vista","name_en":"Greenboro","name_fr":"Greenboro","desc_en":"From Greenboro up the Conroy Road pathway, then through Alta Vista to downtown","desc_fr":"De Greenboro par le sentier du chemin Conroy, puis à travers Alta Vista jusqu’au centre-ville","color":"#fff200eb","distance_km":11.9,"minutes":45,"carfree_pct":68,"safety":"carfree","stop_minutes":4,"signals":19},"geometry":{"type":"LineString","coordinates":[[-75.66778,45.39666],[-75.66807,45.39674],[-75.66827,45.39681],[-75.66852,45.39687],[-75.66857,45.39687],[-75.66879,45.39683],[-75.66887,45.39684],[-75.66894,45.39692],[-75.6688,45.39708],[-75.6687,45.39732],[-75.6687,45.39733],[-75.66819,45.39803],[-75.66796,45.39845],[-75.66781,45.39854],[-75.66762,45.39851],[-75.66751,45.39873]]}},{"type":"Feature","properties":{"id":"alta-vista","name_en":"Greenboro","name_fr":"Greenboro","desc_en":"From Greenboro up the Conroy Road pathway, then through Alta Vista to downtown","desc_fr":"De Greenboro par le sentier du chemin Conroy, puis à travers Alta Vista jusqu’au centre-ville","color":"#fff200eb","distance_km":11.9,"minutes":45,"carfree_pct":68,"safety":"road","stop_minutes":4,"signals":19},"geometry":{"type":"LineString","coordinates":[[-75.66751,45.39873],[-75.66751,45.39879],[-75.66754,45.39884],[-75.66754,45.39885]]}},{"type":"Feature","properties":{"id":"alta-vista","name_en":"Greenboro","name_fr":"Greenboro","desc_en":"From Greenboro up the Conroy Road pathway, then through Alta Vista to downtown","desc_fr":"De Greenboro par le sentier du chemin Conroy, puis à travers Alta Vista jusqu’au centre-ville","color":"#fff200eb","distance_km":11.9,"minutes":45,"carfree_pct":68,"safety":"carfree","stop_minutes":4,"signals":19},"geometry":{"type":"LineString","coordinates":[[-75.66754,45.39885],[-75.66753,45.39884],[-75.66751,45.39884],[-75.66751,45.39884],[-75.6674,45.39884]]}},{"type":"Feature","properties":{"id":"alta-vista","name_en":"Greenboro","name_fr":"Greenboro","desc_en":"From Greenboro up the Conroy Road pathway, then through Alta Vista to downtown","desc_fr":"De Greenboro par le sentier du chemin Conroy, puis à travers Alta Vista jusqu’au centre-ville","color":"#fff200eb","distance_km":11.9,"minutes":45,"carfree_pct":68,"safety":"road","stop_minutes":4,"signals":19},"geometry":{"type":"LineString","coordinates":[[-75.6674,45.39884],[-75.66738,45.39891],[-75.66737,45.39904],[-75.6675,45.39904],[-75.66781,45.39904],[-75.668,45.39904],[-75.66823,45.39905],[-75.66837,45.39905],[-75.6685,45.39907],[-75.66862,45.39909],[-75.66878,45.39912],[-75.66882,45.39913]]}},{"type":"Feature","properties":{"id":"alta-vista","name_en":"Greenboro","name_fr":"Greenboro","desc_en":"From Greenboro up the Conroy Road pathway, then through Alta Vista to downtown","desc_fr":"De Greenboro par le sentier du chemin Conroy, puis à travers Alta Vista jusqu’au centre-ville","color":"#fff200eb","distance_km":11.9,"minutes":45,"carfree_pct":68,"safety":"lane","stop_minutes":4,"signals":19},"geometry":{"type":"LineString","coordinates":[[-75.66882,45.39913],[-75.66928,45.39924],[-75.67172,45.39986],[-75.67216,45.39998],[-75.6723,45.40002],[-75.67246,45.4001],[-75.67258,45.40016],[-75.67276,45.40028],[-75.67289,45.40039],[-75.673,45.4005],[-75.67316,45.40072],[-75.67324,45.40085]]}},{"type":"Feature","properties":{"id":"alta-vista","name_en":"Greenboro","name_fr":"Greenboro","desc_en":"From Greenboro up the Conroy Road pathway, then through Alta Vista to downtown","desc_fr":"De Greenboro par le sentier du chemin Conroy, puis à travers Alta Vista jusqu’au centre-ville","color":"#fff200eb","distance_km":11.9,"minutes":45,"carfree_pct":68,"safety":"carfree","stop_minutes":4,"signals":19},"geometry":{"type":"LineString","coordinates":[[-75.67324,45.40085],[-75.67323,45.40091],[-75.67325,45.40096],[-75.67329,45.40105],[-75.67333,45.40112],[-75.6736,45.40161],[-75.67363,45.40166],[-75.67365,45.40169],[-75.67369,45.40176],[-75.67372,45.4018],[-75.67374,45.40184],[-75.67404,45.40236],[-75.67405,45.40238],[-75.6741,45.40246],[-75.67412,45.4025],[-75.67418,45.40262],[-75.6742,45.40264],[-75.67432,45.40285],[-75.67433,45.40287],[-75.67488,45.40384],[-75.67518,45.40438],[-75.67518,45.40438],[-75.67521,45.40444],[-75.67526,45.40452],[-75.67527,45.40453],[-75.67625,45.40622],[-75.67627,45.40624],[-75.6763,45.40631],[-75.67635,45.4064],[-75.6764,45.40634],[-75.67647,45.40626],[-75.67649,45.40625],[-75.67664,45.40617],[-75.67665,45.40613]]}},{"type":"Feature","properties":{"id":"alta-vista","name_en":"Greenboro","name_fr":"Greenboro","desc_en":"From Greenboro up the Conroy Road pathway, then through Alta Vista to downtown","desc_fr":"De Greenboro par le sentier du chemin Conroy, puis à travers Alta Vista jusqu’au centre-ville","color":"#fff200eb","distance_km":11.9,"minutes":45,"carfree_pct":68,"safety":"road","stop_minutes":4,"signals":19},"geometry":{"type":"LineString","coordinates":[[-75.67665,45.40613],[-75.67719,45.40591],[-75.67725,45.40589],[-75.6774,45.40583],[-75.67811,45.40554],[-75.67814,45.40553],[-75.67825,45.40548],[-75.67894,45.40518],[-75.67902,45.40515],[-75.6791,45.40511],[-75.67963,45.4049],[-75.67972,45.40485]]}},{"type":"Feature","properties":{"id":"alta-vista","name_en":"Greenboro","name_fr":"Greenboro","desc_en":"From Greenboro up the Conroy Road pathway, then through Alta Vista to downtown","desc_fr":"De Greenboro par le sentier du chemin Conroy, puis à travers Alta Vista jusqu’au centre-ville","color":"#fff200eb","distance_km":11.9,"minutes":45,"carfree_pct":68,"safety":"carfree","stop_minutes":4,"signals":19},"geometry":{"type":"LineString","coordinates":[[-75.67972,45.40485],[-75.67993,45.40484],[-75.68002,45.40482],[-75.68018,45.40479],[-75.68022,45.40478],[-75.68023,45.4048],[-75.68025,45.40487],[-75.68023,45.40489],[-75.68034,45.40519],[-75.68047,45.40561],[-75.68047,45.40563],[-75.68046,45.40564],[-75.68043,45.40563],[-75.68042,45.4056],[-75.68024,45.4051],[-75.68189,45.40517],[-75.68193,45.40517],[-75.68195,45.40516],[-75.68196,45.40514],[-75.68198,45.40511],[-75.682,45.40504],[-75.68204,45.40476],[-75.68204,45.40461],[-75.68204,45.40445],[-75.682,45.40426],[-75.68197,45.40412],[-75.68197,45.40409],[-75.68195,45.40404],[-75.68192,45.40398],[-75.68191,45.40397],[-75.68199,45.40393]]}},{"type":"Feature","properties":{"id":"alta-vista","name_en":"Greenboro","name_fr":"Greenboro","desc_en":"From Greenboro up the Conroy Road pathway, then through Alta Vista to downtown","desc_fr":"De Greenboro par le sentier du chemin Conroy, puis à travers Alta Vista jusqu’au centre-ville","color":"#fff200eb","distance_km":11.9,"minutes":45,"carfree_pct":68,"safety":"lane","stop_minutes":4,"signals":19},"geometry":{"type":"LineString","coordinates":[[-75.68199,45.40393],[-75.68209,45.4039],[-75.68248,45.40374],[-75.6833,45.40342],[-75.68339,45.40338]]}},{"type":"Feature","properties":{"id":"alta-vista","name_en":"Greenboro","name_fr":"Greenboro","desc_en":"From Greenboro up the Conroy Road pathway, then through Alta Vista to downtown","desc_fr":"De Greenboro par le sentier du chemin Conroy, puis à travers Alta Vista jusqu’au centre-ville","color":"#fff200eb","distance_km":11.9,"minutes":45,"carfree_pct":68,"safety":"road","stop_minutes":4,"signals":19},"geometry":{"type":"LineString","coordinates":[[-75.68339,45.40338],[-75.68341,45.40337],[-75.68342,45.40337],[-75.68347,45.40335],[-75.68349,45.40338],[-75.68351,45.4034],[-75.68353,45.40342],[-75.6836,45.40348],[-75.68396,45.40392],[-75.684,45.40398]]}},{"type":"Feature","properties":{"id":"alta-vista","name_en":"Greenboro","name_fr":"Greenboro","desc_en":"From Greenboro up the Conroy Road pathway, then through Alta Vista to downtown","desc_fr":"De Greenboro par le sentier du chemin Conroy, puis à travers Alta Vista jusqu’au centre-ville","color":"#fff200eb","distance_km":11.9,"minutes":45,"carfree_pct":68,"safety":"lane","stop_minutes":4,"signals":19},"geometry":{"type":"LineString","coordinates":[[-75.684,45.40398],[-75.68404,45.40402],[-75.68448,45.40455],[-75.68452,45.4046]]}},{"type":"Feature","properties":{"id":"alta-vista","name_en":"Greenboro","name_fr":"Greenboro","desc_en":"From Greenboro up the Conroy Road pathway, then through Alta Vista to downtown","desc_fr":"De Greenboro par le sentier du chemin Conroy, puis à travers Alta Vista jusqu’au centre-ville","color":"#fff200eb","distance_km":11.9,"minutes":45,"carfree_pct":68,"safety":"carfree","stop_minutes":4,"signals":19},"geometry":{"type":"LineString","coordinates":[[-75.68452,45.4046],[-75.68457,45.40466],[-75.68463,45.40473]]}},{"type":"Feature","properties":{"id":"alta-vista","name_en":"Greenboro","name_fr":"Greenboro","desc_en":"From Greenboro up the Conroy Road pathway, then through Alta Vista to downtown","desc_fr":"De Greenboro par le sentier du chemin Conroy, puis à travers Alta Vista jusqu’au centre-ville","color":"#fff200eb","distance_km":11.9,"minutes":45,"carfree_pct":68,"safety":"road","stop_minutes":4,"signals":19},"geometry":{"type":"LineString","coordinates":[[-75.68463,45.40473],[-75.685,45.40518],[-75.68505,45.40523],[-75.68509,45.40528],[-75.68544,45.4057]]}},{"type":"Feature","properties":{"id":"alta-vista","name_en":"Greenboro","name_fr":"Greenboro","desc_en":"From Greenboro up the Conroy Road pathway, then through Alta Vista to downtown","desc_fr":"De Greenboro par le sentier du chemin Conroy, puis à travers Alta Vista jusqu’au centre-ville","color":"#fff200eb","distance_km":11.9,"minutes":45,"carfree_pct":68,"safety":"carfree","stop_minutes":4,"signals":19},"geometry":{"type":"LineString","coordinates":[[-75.68544,45.4057],[-75.68552,45.4058],[-75.68557,45.40586]]}},{"type":"Feature","properties":{"id":"alta-vista","name_en":"Greenboro","name_fr":"Greenboro","desc_en":"From Greenboro up the Conroy Road pathway, then through Alta Vista to downtown","desc_fr":"De Greenboro par le sentier du chemin Conroy, puis à travers Alta Vista jusqu’au centre-ville","color":"#fff200eb","distance_km":11.9,"minutes":45,"carfree_pct":68,"safety":"lane","stop_minutes":4,"signals":19},"geometry":{"type":"LineString","coordinates":[[-75.68557,45.40586],[-75.68562,45.4059],[-75.68587,45.40622],[-75.68594,45.40631],[-75.68607,45.40648],[-75.68611,45.40653],[-75.68614,45.40657],[-75.68618,45.40662],[-75.68629,45.40676],[-75.68637,45.40685],[-75.68643,45.40693],[-75.68646,45.40698],[-75.68668,45.40724],[-75.68669,45.40725],[-75.68693,45.40755],[-75.68697,45.4076],[-75.68701,45.40766],[-75.68733,45.40805],[-75.68747,45.40822],[-75.68777,45.40859],[-75.68822,45.40916],[-75.68827,45.40922]]}},{"type":"Feature","properties":{"id":"alta-vista","name_en":"Greenboro","name_fr":"Greenboro","desc_en":"From Greenboro up the Conroy Road pathway, then through Alta Vista to downtown","desc_fr":"De Greenboro par le sentier du chemin Conroy, puis à travers Alta Vista jusqu’au centre-ville","color":"#fff200eb","distance_km":11.9,"minutes":45,"carfree_pct":68,"safety":"carfree","stop_minutes":4,"signals":19},"geometry":{"type":"LineString","coordinates":[[-75.68827,45.40922],[-75.68827,45.40929],[-75.68869,45.40979],[-75.68873,45.40985],[-75.68876,45.40991],[-75.68879,45.40995],[-75.68881,45.40998],[-75.68926,45.41051],[-75.68927,45.41052],[-75.68938,45.41063],[-75.68946,45.41069],[-75.68948,45.41072],[-75.69007,45.41139],[-75.69009,45.41141],[-75.69014,45.41147],[-75.69018,45.41152],[-75.6902,45.41154],[-75.69093,45.41237],[-75.69094,45.41238],[-75.69098,45.41243],[-75.69102,45.41248],[-75.69104,45.4125],[-75.69144,45.41297],[-75.69145,45.41297],[-75.6915,45.41303],[-75.69155,45.41309],[-75.69157,45.41311],[-75.69178,45.41335],[-75.69183,45.41341],[-75.69188,45.41347],[-75.69231,45.41396],[-75.69234,45.414],[-75.6924,45.41406],[-75.69281,45.41454],[-75.69286,45.4146],[-75.69291,45.41466],[-75.69308,45.41487],[-75.6931,45.41489],[-75.69314,45.41494],[-75.69318,45.41499],[-75.69321,45.41501],[-75.69335,45.41517],[-75.69337,45.41519],[-75.6934,45.41523],[-75.69364,45.41551],[-75.69369,45.41556],[-75.69373,45.41561],[-75.69375,45.41563],[-75.69401,45.41593],[-75.69421,45.41615],[-75.69423,45.41618],[-75.69428,45.41623],[-75.69433,45.41629],[-75.69435,45.41631],[-75.6945,45.41648],[-75.69479,45.41682],[-75.69488,45.41693],[-75.69491,45.41696],[-75.69538,45.4175],[-75.69539,45.41752],[-75.69544,45.41757],[-75.69549,45.41762],[-75.69551,45.41764],[-75.69565,45.4178],[-75.69568,45.41784],[-75.69571,45.41787],[-75.69583,45.41802],[-75.69585,45.41804],[-75.69588,45.41807],[-75.69592,45.41812],[-75.69596,45.41817],[-75.69601,45.41823],[-75.69642,45.4187],[-75.69644,45.41872],[-75.69649,45.41878],[-75.69653,45.41883],[-75.69656,45.41886],[-75.69657,45.41888],[-75.69659,45.41894],[-75.69683,45.41921],[-75.6969,45.41925],[-75.69693,45.41929],[-75.69696,45.41932],[-75.69698,45.41934],[-75.69702,45.41939]]}},{"type":"Feature","properties":{"id":"alta-vista","name_en":"Greenboro","name_fr":"Greenboro","desc_en":"From Greenboro up the Conroy Road pathway, then through Alta Vista to downtown","desc_fr":"De Greenboro par le sentier du chemin Conroy, puis à travers Alta Vista jusqu’au centre-ville","color":"#fff200eb","distance_km":11.9,"minutes":45,"carfree_pct":68,"safety":"road","stop_minutes":4,"signals":19},"geometry":{"type":"LineString","coordinates":[[-75.69702,45.41939],[-75.69697,45.41941],[-75.69693,45.41936],[-75.69692,45.41934],[-75.69691,45.41933]]}},{"type":"Feature","properties":{"id":"vanier","name_en":"Blackburn Hamlet / Gloucester","name_fr":"Blackburn Hamlet / Gloucester","desc_en":"Pathway west past Blair Station, then McArthur Avenue through Vanier","desc_fr":"Sentier vers l’ouest en passant par la station Blair, puis l’avenue McArthur à travers Vanier","color":"#3dcbff","distance_km":17.7,"minutes":66,"carfree_pct":58,"safety":"road","stop_minutes":5,"signals":21,"distance_km_home":17.1,"minutes_home":64},"geometry":{"type":"LineString","coordinates":[[-75.57625,45.4345],[-75.57636,45.43469],[-75.57642,45.43481]]}},{"type":"Feature","properties":{"id":"vanier","name_en":"Blackburn Hamlet / Gloucester","name_fr":"Blackburn Hamlet / Gloucester","desc_en":"Pathway west past Blair Station, then McArthur Avenue through Vanier","desc_fr":"Sentier vers l’ouest en passant par la station Blair, puis l’avenue McArthur à travers Vanier","color":"#3dcbff","distance_km":17.7,"minutes":66,"carfree_pct":58,"safety":"carfree","stop_minutes":5,"signals":21,"distance_km_home":17.1,"minutes_home":64},"geometry":{"type":"LineString","coordinates":[[-75.57642,45.43481],[-75.57651,45.43487],[-75.57663,45.43507],[-75.57666,45.4351],[-75.57668,45.4351],[-75.57689,45.43511],[-75.5769,45.43511],[-75.57693,45.43514],[-75.57698,45.43532],[-75.57704,45.43543],[-75.57716,45.43566],[-75.57752,45.43633],[-75.57765,45.43659],[-75.57791,45.43703],[-75.57795,45.43713],[-75.57793,45.43719],[-75.57757,45.43745],[-75.57748,45.43753],[-75.57738,45.43764],[-75.57719,45.43794],[-75.57713,45.43803],[-75.57708,45.43811],[-75.57705,45.43819],[-75.57696,45.43847],[-75.57695,45.43856],[-75.57695,45.43871],[-75.57699,45.43882],[-75.57701,45.43892],[-75.57695,45.43916],[-75.57689,45.43936],[-75.57669,45.43994],[-75.57635,45.44098],[-75.57634,45.44102],[-75.57637,45.44116],[-75.57607,45.44211],[-75.57606,45.44217],[-75.57567,45.44226],[-75.57584,45.44252],[-75.57588,45.44262],[-75.5759,45.44269],[-75.57599,45.44288],[-75.57607,45.443],[-75.57626,45.44328],[-75.57642,45.44357],[-75.57651,45.44368],[-75.57667,45.44388],[-75.57674,45.44398],[-75.57723,45.44484],[-75.57726,45.44491],[-75.57728,45.44496],[-75.57721,45.44519],[-75.57721,45.44524],[-75.57734,45.44546],[-75.57737,45.44554],[-75.57739,45.44561],[-75.57738,45.44576],[-75.57738,45.44597],[-75.5774,45.44616],[-75.57741,45.4462],[-75.57745,45.44625],[-75.57761,45.44638],[-75.57766,45.44645],[-75.57792,45.44694],[-75.57799,45.44709],[-75.57808,45.44735],[-75.57812,45.44772],[-75.57811,45.44781],[-75.57808,45.4481],[-75.57802,45.44872],[-75.57801,45.44909],[-75.57802,45.44916],[-75.57806,45.44926],[-75.57806,45.44935],[-75.57804,45.44944],[-75.57799,45.44964],[-75.57792,45.44973],[-75.5778,45.44984],[-75.57772,45.4499],[-75.5776,45.44997],[-75.57758,45.44998],[-75.57752,45.44998],[-75.57743,45.44996],[-75.57731,45.44991],[-75.57727,45.44987],[-75.57723,45.44985],[-75.57719,45.44984],[-75.57712,45.44985],[-75.57708,45.44986],[-75.57704,45.44988],[-75.57699,45.44993],[-75.57664,45.45036],[-75.57656,45.45043],[-75.57654,45.45046],[-75.57653,45.4505],[-75.57658,45.45066],[-75.57658,45.45068],[-75.57648,45.45081],[-75.57637,45.451],[-75.57621,45.45125],[-75.57613,45.45134],[-75.57609,45.45146],[-75.57607,45.45149],[-75.57593,45.45161],[-75.57577,45.4517],[-75.57576,45.45173],[-75.57577,45.45176],[-75.5758,45.45182],[-75.57592,45.45199],[-75.57593,45.45207],[-75.57593,45.45212],[-75.57594,45.45214],[-75.57608,45.45223],[-75.5761,45.45226],[-75.5761,45.45228],[-75.57603,45.45235],[-75.57588,45.45244],[-75.57586,45.45245],[-75.57565,45.45273],[-75.5756,45.45283],[-75.57544,45.45299],[-75.57539,45.45305]]}},{"type":"Feature","properties":{"id":"vanier","name_en":"Blackburn Hamlet / Gloucester","name_fr":"Blackburn Hamlet / Gloucester","desc_en":"Pathway west past Blair Station, then McArthur Avenue through Vanier","desc_fr":"Sentier vers l’ouest en passant par la station Blair, puis l’avenue McArthur à travers Vanier","color":"#3dcbff","distance_km":17.7,"minutes":66,"carfree_pct":58,"safety":"road","stop_minutes":5,"signals":21,"distance_km_home":17.1,"minutes_home":64},"geometry":{"type":"LineString","coordinates":[[-75.57539,45.45305],[-75.57538,45.45309],[-75.57537,45.45312],[-75.57537,45.45315],[-75.57538,45.45319],[-75.5754,45.45323],[-75.57543,45.45334],[-75.57545,45.4534],[-75.57546,45.45341],[-75.57548,45.45342],[-75.57549,45.45342],[-75.57556,45.45344]]}},{"type":"Feature","properties":{"id":"vanier","name_en":"Blackburn Hamlet / Gloucester","name_fr":"Blackburn Hamlet / Gloucester","desc_en":"Pathway west past Blair Station, then McArthur Avenue through Vanier","desc_fr":"Sentier vers l’ouest en passant par la station Blair, puis l’avenue McArthur à travers Vanier","color":"#3dcbff","distance_km":17.7,"minutes":66,"carfree_pct":58,"safety":"carfree","stop_minutes":5,"signals":21,"distance_km_home":17.1,"minutes_home":64},"geometry":{"type":"LineString","coordinates":[[-75.57556,45.45344],[-75.57564,45.45345],[-75.57574,45.45346],[-75.57599,45.45345],[-75.57635,45.45343],[-75.57647,45.45344],[-75.57653,45.45345],[-75.57658,45.45347],[-75.57667,45.45351],[-75.57684,45.4536],[-75.57692,45.45366],[-75.57694,45.45368],[-75.57698,45.45373],[-75.57709,45.45393],[-75.57714,45.45399],[-75.57717,45.45402],[-75.57743,45.45422],[-75.57756,45.45437],[-75.57761,45.45446],[-75.57762,45.45451],[-75.57761,45.45458],[-75.57759,45.45462],[-75.57756,45.45466],[-75.5775,45.45473],[-75.57741,45.4548],[-75.57715,45.45494],[-75.57708,45.455],[-75.57704,45.45505],[-75.57698,45.45518],[-75.57695,45.45523],[-75.57689,45.45531],[-75.57675,45.45545],[-75.5767,45.45554],[-75.57665,45.45558],[-75.57659,45.45562],[-75.57654,45.45566],[-75.57651,45.45571],[-75.57643,45.45586],[-75.57633,45.45597],[-75.57625,45.45603],[-75.57622,45.45604],[-75.57602,45.4561],[-75.57568,45.45623],[-75.57559,45.45626],[-75.57535,45.45626],[-75.57524,45.45627],[-75.57494,45.45632],[-75.57474,45.45635],[-75.57467,45.45638],[-75.5742,45.45683],[-75.57406,45.45698],[-75.57393,45.45714],[-75.57381,45.45731],[-75.57372,45.45748],[-75.57365,45.45762],[-75.5736,45.45776],[-75.57355,45.45802],[-75.57353,45.45822],[-75.57353,45.45839],[-75.57356,45.45866],[-75.57361,45.45889],[-75.57367,45.4591],[-75.57386,45.45987],[-75.57391,45.4602],[-75.57391,45.46043],[-75.57397,45.46042],[-75.57403,45.46037],[-75.57406,45.46031],[-75.57405,45.45987],[-75.57407,45.45972],[-75.57431,45.45857],[-75.57432,45.45853],[-75.57433,45.45849],[-75.57438,45.45844],[-75.57449,45.45836],[-75.5746,45.45831],[-75.57499,45.45809],[-75.57515,45.45802],[-75.57611,45.45762],[-75.57642,45.45752],[-75.57731,45.45727],[-75.57745,45.45725],[-75.57769,45.45724],[-75.57776,45.45722],[-75.5778,45.4572],[-75.57821,45.45699],[-75.57848,45.45685],[-75.57875,45.4567],[-75.57896,45.45661],[-75.5791,45.45655],[-75.57961,45.4563],[-75.57984,45.45618],[-75.57995,45.45614],[-75.58017,45.45611],[-75.58032,45.45606],[-75.58042,45.45601],[-75.58062,45.45589],[-75.58104,45.45561],[-75.58138,45.45535],[-75.58159,45.45518],[-75.58195,45.45484],[-75.5822,45.45464],[-75.58352,45.45347],[-75.58382,45.45326],[-75.58428,45.453],[-75.58444,45.4529],[-75.58477,45.45269],[-75.58516,45.45247],[-75.58521,45.45244],[-75.58524,45.4524],[-75.58525,45.45236],[-75.58528,45.45173],[-75.58529,45.45156],[-75.58531,45.45153],[-75.58532,45.45151],[-75.58532,45.45136],[-75.58534,45.45127],[-75.58534,45.45118],[-75.58534,45.45114],[-75.58528,45.45114],[-75.58521,45.45115],[-75.58513,45.45115],[-75.58505,45.45116],[-75.585,45.45117],[-75.58495,45.45117],[-75.58488,45.45118],[-75.58486,45.45112],[-75.58482,45.45103],[-75.58478,45.45093],[-75.58476,45.45088],[-75.58482,45.45087],[-75.58491,45.45084],[-75.58498,45.45082],[-75.58505,45.45083],[-75.58509,45.45082],[-75.58622,45.45046],[-75.58626,45.45041],[-75.58639,45.45036],[-75.58641,45.45034],[-75.58643,45.45031],[-75.58644,45.45028],[-75.58645,45.45025],[-75.58646,45.45021],[-75.58645,45.45019],[-75.58638,45.45005],[-75.58606,45.44946],[-75.58592,45.44921],[-75.58589,45.44912],[-75.58587,45.44903],[-75.58588,45.44897],[-75.5859,45.4489],[-75.58599,45.44876],[-75.58675,45.44758],[-75.58766,45.44622],[-75.58898,45.44419],[-75.58908,45.44398],[-75.58932,45.4433],[-75.5894,45.44316],[-75.58993,45.44236],[-75.59013,45.44208],[-75.59032,45.44183],[-75.59065,45.44142],[-75.59076,45.44129],[-75.59086,45.44121],[-75.59119,45.441],[-75.59153,45.44075],[-75.59209,45.4402],[-75.5929,45.43946],[-75.59343,45.43903],[-75.59406,45.43854],[-75.59477,45.43805],[-75.59535,45.43768],[-75.59562,45.43752],[-75.59586,45.43738],[-75.59656,45.43699],[-75.59754,45.43648],[-75.59786,45.4363],[-75.59806,45.43621],[-75.59826,45.43612],[-75.59887,45.43595],[-75.59904,45.43589],[-75.59921,45.43583],[-75.59938,45.43575],[-75.5999,45.4355],[-75.60053,45.4352],[-75.60161,45.43467],[-75.60295,45.43403],[-75.60319,45.43393],[-75.6033,45.4339],[-75.60349,45.43385],[-75.60373,45.4338],[-75.60392,45.43378],[-75.60411,45.43377],[-75.60478,45.43374],[-75.60502,45.43372],[-75.6053,45.43368],[-75.60541,45.43365],[-75.60558,45.4336],[-75.60577,45.43354],[-75.60604,45.43342],[-75.60635,45.43324],[-75.60653,45.43311],[-75.60692,45.4328],[-75.60704,45.4327],[-75.60711,45.43267]]}},{"type":"Feature","properties":{"id":"vanier","name_en":"Blackburn Hamlet / Gloucester","name_fr":"Blackburn Hamlet / Gloucester","desc_en":"Pathway west past Blair Station, then McArthur Avenue through Vanier","desc_fr":"Sentier vers l’ouest en passant par la station Blair, puis l’avenue McArthur à travers Vanier","color":"#3dcbff","distance_km":17.7,"minutes":66,"carfree_pct":58,"safety":"road","stop_minutes":5,"signals":21,"distance_km_home":17.1,"minutes_home":64},"geometry":{"type":"LineString","coordinates":[[-75.60711,45.43267],[-75.60718,45.43264],[-75.60722,45.43258],[-75.60736,45.4324],[-75.60744,45.43232],[-75.60748,45.43228],[-75.60753,45.43224],[-75.60758,45.43222],[-75.6076,45.43221],[-75.60774,45.43221],[-75.60778,45.43216],[-75.60783,45.43212],[-75.60812,45.43194],[-75.60818,45.43191],[-75.60824,45.4319],[-75.60832,45.43187],[-75.60849,45.43174],[-75.60875,45.43156],[-75.60905,45.43176],[-75.6091,45.43182],[-75.60912,45.43177],[-75.60917,45.43167],[-75.60922,45.43159],[-75.6093,45.43143],[-75.60936,45.43131],[-75.60941,45.43125],[-75.60944,45.43123],[-75.61017,45.43098],[-75.6105,45.43086],[-75.61079,45.43079],[-75.61095,45.43078],[-75.61113,45.4308],[-75.61122,45.43081],[-75.61139,45.43088],[-75.61152,45.43093],[-75.61197,45.43112],[-75.61202,45.43114],[-75.61213,45.4312],[-75.61244,45.43087],[-75.61249,45.43081],[-75.61254,45.43076],[-75.61307,45.4302],[-75.61316,45.4301],[-75.61374,45.42946],[-75.61385,45.42935],[-75.61398,45.42926],[-75.6142,45.42913],[-75.61438,45.42907],[-75.61466,45.42898],[-75.615,45.42893],[-75.61564,45.42884],[-75.61576,45.42884],[-75.61584,45.42886],[-75.61588,45.42889],[-75.6159,45.42891],[-75.61595,45.42896],[-75.61607,45.42891],[-75.6162,45.42887],[-75.61639,45.42873],[-75.61674,45.42868]]}},{"type":"Feature","properties":{"id":"vanier","name_en":"Blackburn Hamlet / Gloucester","name_fr":"Blackburn Hamlet / Gloucester","desc_en":"Pathway west past Blair Station, then McArthur Avenue through Vanier","desc_fr":"Sentier vers l’ouest en passant par la station Blair, puis l’avenue McArthur à travers Vanier","color":"#3dcbff","distance_km":17.7,"minutes":66,"carfree_pct":58,"safety":"carfree","stop_minutes":5,"signals":21,"distance_km_home":17.1,"minutes_home":64},"geometry":{"type":"LineString","coordinates":[[-75.61674,45.42868],[-75.61676,45.42853],[-75.61686,45.42853],[-75.61715,45.42853],[-75.61745,45.42847],[-75.61747,45.42846],[-75.61773,45.4284],[-75.61796,45.42831],[-75.61806,45.42826],[-75.61816,45.42823],[-75.61822,45.42823],[-75.61833,45.42823],[-75.6185,45.42825],[-75.61865,45.42816],[-75.61877,45.42811],[-75.61884,45.4281]]}},{"type":"Feature","properties":{"id":"vanier","name_en":"Blackburn Hamlet / Gloucester","name_fr":"Blackburn Hamlet / Gloucester","desc_en":"Pathway west past Blair Station, then McArthur Avenue through Vanier","desc_fr":"Sentier vers l’ouest en passant par la station Blair, puis l’avenue McArthur à travers Vanier","color":"#3dcbff","distance_km":17.7,"minutes":66,"carfree_pct":58,"safety":"road","stop_minutes":5,"signals":21,"distance_km_home":17.1,"minutes_home":64},"geometry":{"type":"LineString","coordinates":[[-75.61884,45.4281],[-75.61883,45.42808],[-75.61886,45.42802],[-75.61891,45.42799],[-75.61983,45.42776],[-75.61995,45.42777],[-75.62045,45.42777],[-75.62101,45.42778],[-75.62142,45.42779],[-75.62191,45.42779],[-75.62194,45.42779],[-75.62261,45.42779],[-75.62276,45.42779],[-75.62279,45.42781],[-75.62283,45.42783],[-75.62292,45.42802],[-75.62304,45.42824],[-75.62322,45.42856],[-75.62326,45.42863],[-75.6233,45.42872],[-75.62333,45.42881],[-75.62335,45.42893],[-75.62332,45.42909],[-75.62339,45.42924],[-75.6234,45.42926],[-75.62345,45.42935],[-75.62353,45.42945],[-75.62361,45.42953],[-75.6239,45.43002],[-75.62411,45.43032],[-75.62415,45.43041],[-75.62426,45.43064],[-75.62437,45.43083],[-75.62439,45.43086],[-75.62451,45.43102],[-75.62469,45.43121],[-75.62491,45.43138],[-75.62506,45.43149],[-75.62579,45.43188],[-75.62581,45.43189],[-75.62589,45.43193],[-75.62599,45.43198],[-75.62602,45.432],[-75.62773,45.43285],[-75.62795,45.43296],[-75.62815,45.43309],[-75.62828,45.43322],[-75.62834,45.43328],[-75.6284,45.43343],[-75.62845,45.43358],[-75.62845,45.43363],[-75.62844,45.43369],[-75.62857,45.43371],[-75.62861,45.43372],[-75.62944,45.43387],[-75.6299,45.43398],[-75.63005,45.43403],[-75.63017,45.43409],[-75.63027,45.43414],[-75.63036,45.43423],[-75.63048,45.43435],[-75.63062,45.43456],[-75.6308,45.43493],[-75.63083,45.435],[-75.63091,45.4351],[-75.631,45.43516],[-75.6311,45.43519],[-75.63219,45.43532],[-75.63237,45.43538],[-75.63248,45.43544],[-75.63255,45.43553],[-75.63263,45.43572],[-75.63262,45.43582]]}},{"type":"Feature","properties":{"id":"vanier","name_en":"Blackburn Hamlet / Gloucester","name_fr":"Blackburn Hamlet / Gloucester","desc_en":"Pathway west past Blair Station, then McArthur Avenue through Vanier","desc_fr":"Sentier vers l’ouest en passant par la station Blair, puis l’avenue McArthur à travers Vanier","color":"#3dcbff","distance_km":17.7,"minutes":66,"carfree_pct":58,"safety":"carfree","stop_minutes":5,"signals":21,"distance_km_home":17.1,"minutes_home":64},"geometry":{"type":"LineString","coordinates":[[-75.63262,45.43582],[-75.63274,45.43594],[-75.63285,45.43613],[-75.63297,45.43634]]}},{"type":"Feature","properties":{"id":"vanier","name_en":"Blackburn Hamlet / Gloucester","name_fr":"Blackburn Hamlet / Gloucester","desc_en":"Pathway west past Blair Station, then McArthur Avenue through Vanier","desc_fr":"Sentier vers l’ouest en passant par la station Blair, puis l’avenue McArthur à travers Vanier","color":"#3dcbff","distance_km":17.7,"minutes":66,"carfree_pct":58,"safety":"road","stop_minutes":5,"signals":21,"distance_km_home":17.1,"minutes_home":64},"geometry":{"type":"LineString","coordinates":[[-75.63297,45.43634],[-75.633,45.43638],[-75.63438,45.43599],[-75.63461,45.43592],[-75.63469,45.43589],[-75.63479,45.43587],[-75.63498,45.43582],[-75.63517,45.43576],[-75.63514,45.43569],[-75.63524,45.43567],[-75.63529,45.43566]]}},{"type":"Feature","properties":{"id":"vanier","name_en":"Blackburn Hamlet / Gloucester","name_fr":"Blackburn Hamlet / Gloucester","desc_en":"Pathway west past Blair Station, then McArthur Avenue through Vanier","desc_fr":"Sentier vers l’ouest en passant par la station Blair, puis l’avenue McArthur à travers Vanier","color":"#3dcbff","distance_km":17.7,"minutes":66,"carfree_pct":58,"safety":"carfree","stop_minutes":5,"signals":21,"distance_km_home":17.1,"minutes_home":64},"geometry":{"type":"LineString","coordinates":[[-75.63529,45.43566],[-75.63542,45.43565],[-75.63546,45.43567],[-75.63555,45.43568]]}},{"type":"Feature","properties":{"id":"vanier","name_en":"Blackburn Hamlet / Gloucester","name_fr":"Blackburn Hamlet / Gloucester","desc_en":"Pathway west past Blair Station, then McArthur Avenue through Vanier","desc_fr":"Sentier vers l’ouest en passant par la station Blair, puis l’avenue McArthur à travers Vanier","color":"#3dcbff","distance_km":17.7,"minutes":66,"carfree_pct":58,"safety":"road","stop_minutes":5,"signals":21,"distance_km_home":17.1,"minutes_home":64},"geometry":{"type":"LineString","coordinates":[[-75.63555,45.43568],[-75.63562,45.4358],[-75.63579,45.43611],[-75.63649,45.43593],[-75.63684,45.43583],[-75.63693,45.4358],[-75.63702,45.43578],[-75.63772,45.43559],[-75.6378,45.43557],[-75.63867,45.43533],[-75.6387,45.43532],[-75.63878,45.4353],[-75.63886,45.43528],[-75.63889,45.43527],[-75.63981,45.435],[-75.63992,45.43497]]}},{"type":"Feature","properties":{"id":"vanier","name_en":"Blackburn Hamlet / Gloucester","name_fr":"Blackburn Hamlet / Gloucester","desc_en":"Pathway west past Blair Station, then McArthur Avenue through Vanier","desc_fr":"Sentier vers l’ouest en passant par la station Blair, puis l’avenue McArthur à travers Vanier","color":"#3dcbff","distance_km":17.7,"minutes":66,"carfree_pct":58,"safety":"road","stop_minutes":5,"signals":21,"dir":"towork","distance_km_home":17.1,"minutes_home":64,"solo":1},"geometry":{"type":"LineString","coordinates":[[-75.63992,45.43497],[-75.63994,45.43501],[-75.64071,45.4364],[-75.64161,45.43804],[-75.64162,45.43805],[-75.64163,45.43807],[-75.64166,45.43813],[-75.64173,45.43808],[-75.64178,45.43804],[-75.64196,45.4379],[-75.64219,45.43778],[-75.6423,45.43773],[-75.64302,45.43746],[-75.64364,45.43722],[-75.6443,45.43697],[-75.64439,45.43694],[-75.64456,45.43688],[-75.64452,45.43682],[-75.64449,45.43676],[-75.64429,45.43641],[-75.64396,45.43585],[-75.6439,45.43574],[-75.644,45.43573],[-75.6444,45.4357],[-75.64515,45.43564],[-75.6455,45.43561],[-75.64631,45.43556],[-75.64703,45.4355],[-75.64795,45.43544],[-75.64804,45.43543],[-75.64902,45.43536],[-75.649,45.43533],[-75.64902,45.43536],[-75.64914,45.43535],[-75.64911,45.4353],[-75.64867,45.43455],[-75.64863,45.43449],[-75.6486,45.43443],[-75.64856,45.43436],[-75.64851,45.43421],[-75.64846,45.43403],[-75.64841,45.43369],[-75.64838,45.43345],[-75.64832,45.43294],[-75.64829,45.43276],[-75.64825,45.43252],[-75.64824,45.43247],[-75.64822,45.43227],[-75.64822,45.43225]]}},{"type":"Feature","properties":{"id":"vanier","name_en":"Blackburn Hamlet / Gloucester","name_fr":"Blackburn Hamlet / Gloucester","desc_en":"Pathway west past Blair Station, then McArthur Avenue through Vanier","desc_fr":"Sentier vers l’ouest en passant par la station Blair, puis l’avenue McArthur à travers Vanier","color":"#3dcbff","distance_km":17.7,"minutes":66,"carfree_pct":58,"safety":"carfree","stop_minutes":5,"signals":21,"dir":"towork","distance_km_home":17.1,"minutes_home":64,"solo":1},"geometry":{"type":"LineString","coordinates":[[-75.64822,45.43225],[-75.64834,45.43224],[-75.64834,45.43224]]}},{"type":"Feature","properties":{"id":"vanier","name_en":"Blackburn Hamlet / Gloucester","name_fr":"Blackburn Hamlet / Gloucester","desc_en":"Pathway west past Blair Station, then McArthur Avenue through Vanier","desc_fr":"Sentier vers l’ouest en passant par la station Blair, puis l’avenue McArthur à travers Vanier","color":"#3dcbff","distance_km":17.7,"minutes":66,"carfree_pct":58,"safety":"carfree","stop_minutes":5,"signals":21,"dir":"home","distance_km_home":17.1,"minutes_home":64,"solo":1},"geometry":{"type":"LineString","coordinates":[[-75.64834,45.43224],[-75.64834,45.43224],[-75.64822,45.43225],[-75.6481,45.43226],[-75.64728,45.43232],[-75.64702,45.43233],[-75.64669,45.43236],[-75.64629,45.43239],[-75.64577,45.43242],[-75.64528,45.43246],[-75.64518,45.43247],[-75.64406,45.43255],[-75.64359,45.43258],[-75.6431,45.4326],[-75.64297,45.43258]]}},{"type":"Feature","properties":{"id":"vanier","name_en":"Blackburn Hamlet / Gloucester","name_fr":"Blackburn Hamlet / Gloucester","desc_en":"Pathway west past Blair Station, then McArthur Avenue through Vanier","desc_fr":"Sentier vers l’ouest en passant par la station Blair, puis l’avenue McArthur à travers Vanier","color":"#3dcbff","distance_km":17.7,"minutes":66,"carfree_pct":58,"safety":"lane","stop_minutes":5,"signals":21,"dir":"home","distance_km_home":17.1,"minutes_home":64,"solo":1},"geometry":{"type":"LineString","coordinates":[[-75.64297,45.43258],[-75.64261,45.43262],[-75.64228,45.43269],[-75.64219,45.43271]]}},{"type":"Feature","properties":{"id":"vanier","name_en":"Blackburn Hamlet / Gloucester","name_fr":"Blackburn Hamlet / Gloucester","desc_en":"Pathway west past Blair Station, then McArthur Avenue through Vanier","desc_fr":"Sentier vers l’ouest en passant par la station Blair, puis l’avenue McArthur à travers Vanier","color":"#3dcbff","distance_km":17.7,"minutes":66,"carfree_pct":58,"safety":"road","stop_minutes":5,"signals":21,"dir":"home","distance_km_home":17.1,"minutes_home":64,"solo":1},"geometry":{"type":"LineString","coordinates":[[-75.64219,45.43271],[-75.64217,45.43268],[-75.64219,45.43271],[-75.64202,45.43272],[-75.64199,45.43266],[-75.64193,45.43268],[-75.64203,45.43286],[-75.6422,45.43318],[-75.64225,45.43327],[-75.64226,45.43331],[-75.64229,45.43342],[-75.64227,45.43342],[-75.64152,45.43365],[-75.64072,45.4339],[-75.63964,45.43425],[-75.6396,45.43426],[-75.63952,45.43428],[-75.63986,45.43486],[-75.63992,45.43497]]}},{"type":"Feature","properties":{"id":"vanier","name_en":"Blackburn Hamlet / Gloucester","name_fr":"Blackburn Hamlet / Gloucester","desc_en":"Pathway west past Blair Station, then McArthur Avenue through Vanier","desc_fr":"Sentier vers l’ouest en passant par la station Blair, puis l’avenue McArthur à travers Vanier","color":"#3dcbff","distance_km":17.7,"minutes":66,"carfree_pct":58,"safety":"carfree","stop_minutes":5,"signals":21,"distance_km_home":17.1,"minutes_home":64},"geometry":{"type":"LineString","coordinates":[[-75.64834,45.43224],[-75.6491,45.43219],[-75.64927,45.43217],[-75.64979,45.43214],[-75.65043,45.4321],[-75.65073,45.43207],[-75.6508,45.43207],[-75.65088,45.43206],[-75.6513,45.43203],[-75.65171,45.43201],[-75.65231,45.43197],[-75.65236,45.43196],[-75.65276,45.43193],[-75.65325,45.4319],[-75.65445,45.43181],[-75.65457,45.4318],[-75.65468,45.43179],[-75.65561,45.43172],[-75.65575,45.43171],[-75.65621,45.43168],[-75.65698,45.43163],[-75.6571,45.43162]]}},{"type":"Feature","properties":{"id":"vanier","name_en":"Blackburn Hamlet / Gloucester","name_fr":"Blackburn Hamlet / Gloucester","desc_en":"Pathway west past Blair Station, then McArthur Avenue through Vanier","desc_fr":"Sentier vers l’ouest en passant par la station Blair, puis l’avenue McArthur à travers Vanier","color":"#3dcbff","distance_km":17.7,"minutes":66,"carfree_pct":58,"safety":"road","stop_minutes":5,"signals":21,"distance_km_home":17.1,"minutes_home":64},"geometry":{"type":"LineString","coordinates":[[-75.6571,45.43162],[-75.65711,45.43157],[-75.65723,45.43156],[-75.65743,45.43154],[-75.65772,45.43152],[-75.65798,45.4315],[-75.65841,45.43147],[-75.65859,45.43146],[-75.65865,45.43146],[-75.65873,45.43145],[-75.65894,45.43144],[-75.6591,45.43143],[-75.65988,45.43138],[-75.65997,45.43137],[-75.66041,45.43134],[-75.66054,45.43133],[-75.66066,45.43132],[-75.66092,45.43131],[-75.66126,45.43129],[-75.66129,45.43129],[-75.66158,45.43127],[-75.66184,45.43125],[-75.66216,45.43123]]}},{"type":"Feature","properties":{"id":"vanier","name_en":"Blackburn Hamlet / Gloucester","name_fr":"Blackburn Hamlet / Gloucester","desc_en":"Pathway west past Blair Station, then McArthur Avenue through Vanier","desc_fr":"Sentier vers l’ouest en passant par la station Blair, puis l’avenue McArthur à travers Vanier","color":"#3dcbff","distance_km":17.7,"minutes":66,"carfree_pct":58,"safety":"lane","stop_minutes":5,"signals":21,"distance_km_home":17.1,"minutes_home":64},"geometry":{"type":"LineString","coordinates":[[-75.66216,45.43123],[-75.66237,45.43121],[-75.66258,45.43119],[-75.66293,45.43116],[-75.66302,45.43115],[-75.66325,45.43119],[-75.66353,45.43117],[-75.66385,45.43114],[-75.66394,45.43113],[-75.66409,45.43112],[-75.66419,45.43111],[-75.66443,45.43109]]}},{"type":"Feature","properties":{"id":"vanier","name_en":"Blackburn Hamlet / Gloucester","name_fr":"Blackburn Hamlet / Gloucester","desc_en":"Pathway west past Blair Station, then McArthur Avenue through Vanier","desc_fr":"Sentier vers l’ouest en passant par la station Blair, puis l’avenue McArthur à travers Vanier","color":"#3dcbff","distance_km":17.7,"minutes":66,"carfree_pct":58,"safety":"road","stop_minutes":5,"signals":21,"distance_km_home":17.1,"minutes_home":64},"geometry":{"type":"LineString","coordinates":[[-75.66443,45.43109],[-75.6654,45.43102]]}},{"type":"Feature","properties":{"id":"vanier","name_en":"Blackburn Hamlet / Gloucester","name_fr":"Blackburn Hamlet / Gloucester","desc_en":"Pathway west past Blair Station, then McArthur Avenue through Vanier","desc_fr":"Sentier vers l’ouest en passant par la station Blair, puis l’avenue McArthur à travers Vanier","color":"#3dcbff","distance_km":17.7,"minutes":66,"carfree_pct":58,"safety":"lane","stop_minutes":5,"signals":21,"distance_km_home":17.1,"minutes_home":64},"geometry":{"type":"LineString","coordinates":[[-75.6654,45.43102],[-75.66589,45.43098],[-75.66616,45.43096],[-75.66628,45.43093]]}},{"type":"Feature","properties":{"id":"vanier","name_en":"Blackburn Hamlet / Gloucester","name_fr":"Blackburn Hamlet / Gloucester","desc_en":"Pathway west past Blair Station, then McArthur Avenue through Vanier","desc_fr":"Sentier vers l’ouest en passant par la station Blair, puis l’avenue McArthur à travers Vanier","color":"#3dcbff","distance_km":17.7,"minutes":66,"carfree_pct":58,"safety":"carfree","stop_minutes":5,"signals":21,"distance_km_home":17.1,"minutes_home":64},"geometry":{"type":"LineString","coordinates":[[-75.66628,45.43093],[-75.66637,45.43093],[-75.66653,45.43091],[-75.66687,45.43089]]}},{"type":"Feature","properties":{"id":"vanier","name_en":"Blackburn Hamlet / Gloucester","name_fr":"Blackburn Hamlet / Gloucester","desc_en":"Pathway west past Blair Station, then McArthur Avenue through Vanier","desc_fr":"Sentier vers l’ouest en passant par la station Blair, puis l’avenue McArthur à travers Vanier","color":"#3dcbff","distance_km":17.7,"minutes":66,"carfree_pct":58,"safety":"lane","stop_minutes":5,"signals":21,"distance_km_home":17.1,"minutes_home":64},"geometry":{"type":"LineString","coordinates":[[-75.66687,45.43089],[-75.66705,45.43088],[-75.66765,45.43083],[-75.66771,45.43083],[-75.6678,45.43082],[-75.66846,45.43078],[-75.66889,45.43074],[-75.669,45.43074],[-75.66909,45.43068],[-75.6691,45.43067],[-75.6693,45.43062]]}},{"type":"Feature","properties":{"id":"vanier","name_en":"Blackburn Hamlet / Gloucester","name_fr":"Blackburn Hamlet / Gloucester","desc_en":"Pathway west past Blair Station, then McArthur Avenue through Vanier","desc_fr":"Sentier vers l’ouest en passant par la station Blair, puis l’avenue McArthur à travers Vanier","color":"#3dcbff","distance_km":17.7,"minutes":66,"carfree_pct":58,"safety":"road","stop_minutes":5,"signals":21,"distance_km_home":17.1,"minutes_home":64},"geometry":{"type":"LineString","coordinates":[[-75.6693,45.43062],[-75.66953,45.43057]]}},{"type":"Feature","properties":{"id":"vanier","name_en":"Blackburn Hamlet / Gloucester","name_fr":"Blackburn Hamlet / Gloucester","desc_en":"Pathway west past Blair Station, then McArthur Avenue through Vanier","desc_fr":"Sentier vers l’ouest en passant par la station Blair, puis l’avenue McArthur à travers Vanier","color":"#3dcbff","distance_km":17.7,"minutes":66,"carfree_pct":58,"safety":"carfree","stop_minutes":5,"signals":21,"distance_km_home":17.1,"minutes_home":64},"geometry":{"type":"LineString","coordinates":[[-75.66953,45.43057],[-75.66961,45.43052],[-75.66968,45.43041],[-75.66972,45.43039],[-75.67008,45.43031],[-75.67046,45.43015],[-75.67045,45.43013],[-75.67045,45.4301],[-75.67041,45.42998],[-75.67036,45.42988],[-75.67019,45.42965],[-75.67012,45.42951],[-75.67005,45.42933],[-75.66997,45.42907],[-75.66993,45.42884],[-75.66985,45.42825],[-75.66983,45.428],[-75.66984,45.42782],[-75.66988,45.42754],[-75.66993,45.42738],[-75.66996,45.42729],[-75.66996,45.42723],[-75.66992,45.42709],[-75.66989,45.42702],[-75.66986,45.42696],[-75.66977,45.42687],[-75.6697,45.42682],[-75.66963,45.42678],[-75.66949,45.42672],[-75.6698,45.42652],[-75.67076,45.42597],[-75.67087,45.42591],[-75.67097,45.42586],[-75.67154,45.42561],[-75.67156,45.42561],[-75.67157,45.42562],[-75.6716,45.42566],[-75.67163,45.42569]]}},{"type":"Feature","properties":{"id":"vanier","name_en":"Blackburn Hamlet / Gloucester","name_fr":"Blackburn Hamlet / Gloucester","desc_en":"Pathway west past Blair Station, then McArthur Avenue through Vanier","desc_fr":"Sentier vers l’ouest en passant par la station Blair, puis l’avenue McArthur à travers Vanier","color":"#3dcbff","distance_km":17.7,"minutes":66,"carfree_pct":58,"safety":"lane","stop_minutes":5,"signals":21,"distance_km_home":17.1,"minutes_home":64},"geometry":{"type":"LineString","coordinates":[[-75.67163,45.42569],[-75.67172,45.42566],[-75.67175,45.42564],[-75.67181,45.42559],[-75.67186,45.42555],[-75.67192,45.42553],[-75.672,45.4255],[-75.67223,45.4254],[-75.67266,45.42522],[-75.67353,45.42485],[-75.67439,45.42449],[-75.6752,45.42414],[-75.67528,45.42411],[-75.67535,45.42408],[-75.67633,45.42367],[-75.67729,45.42328],[-75.67735,45.42325],[-75.67741,45.42322],[-75.67769,45.4231],[-75.67815,45.4229],[-75.67821,45.42288],[-75.6783,45.42284],[-75.67838,45.42281],[-75.67917,45.42248],[-75.67921,45.42247],[-75.67927,45.42244],[-75.67933,45.42242],[-75.67937,45.4224],[-75.67982,45.42221],[-75.68008,45.42211],[-75.68018,45.42207]]}},{"type":"Feature","properties":{"id":"vanier","name_en":"Blackburn Hamlet / Gloucester","name_fr":"Blackburn Hamlet / Gloucester","desc_en":"Pathway west past Blair Station, then McArthur Avenue through Vanier","desc_fr":"Sentier vers l’ouest en passant par la station Blair, puis l’avenue McArthur à travers Vanier","color":"#3dcbff","distance_km":17.7,"minutes":66,"carfree_pct":58,"safety":"road","stop_minutes":5,"signals":21,"distance_km_home":17.1,"minutes_home":64},"geometry":{"type":"LineString","coordinates":[[-75.68018,45.42207],[-75.68027,45.42203],[-75.68053,45.42192],[-75.68069,45.42185],[-75.68098,45.42173],[-75.68108,45.4217]]}},{"type":"Feature","properties":{"id":"vanier","name_en":"Blackburn Hamlet / Gloucester","name_fr":"Blackburn Hamlet / Gloucester","desc_en":"Pathway west past Blair Station, then McArthur Avenue through Vanier","desc_fr":"Sentier vers l’ouest en passant par la station Blair, puis l’avenue McArthur à travers Vanier","color":"#3dcbff","distance_km":17.7,"minutes":66,"carfree_pct":58,"safety":"carfree","stop_minutes":5,"signals":21,"distance_km_home":17.1,"minutes_home":64},"geometry":{"type":"LineString","coordinates":[[-75.68108,45.4217],[-75.68111,45.42168],[-75.68152,45.4215],[-75.68163,45.42146],[-75.68185,45.42139],[-75.6819,45.42138],[-75.68198,45.42136],[-75.68209,45.42138],[-75.68221,45.42135],[-75.68241,45.42127],[-75.68266,45.42116],[-75.68292,45.42105],[-75.68303,45.42101],[-75.68395,45.42147],[-75.68442,45.42171],[-75.68521,45.42215],[-75.68533,45.42223],[-75.68546,45.42234],[-75.68555,45.42244],[-75.68579,45.42262],[-75.6859,45.42276],[-75.68601,45.42292],[-75.68609,45.42308],[-75.68614,45.42317],[-75.68631,45.42347],[-75.68633,45.4235],[-75.68644,45.42368],[-75.68646,45.42371],[-75.68649,45.42375],[-75.68651,45.42379]]}},{"type":"Feature","properties":{"id":"vanier","name_en":"Blackburn Hamlet / Gloucester","name_fr":"Blackburn Hamlet / Gloucester","desc_en":"Pathway west past Blair Station, then McArthur Avenue through Vanier","desc_fr":"Sentier vers l’ouest en passant par la station Blair, puis l’avenue McArthur à travers Vanier","color":"#3dcbff","distance_km":17.7,"minutes":66,"carfree_pct":58,"safety":"lane","stop_minutes":5,"signals":21,"distance_km_home":17.1,"minutes_home":64},"geometry":{"type":"LineString","coordinates":[[-75.68651,45.42379],[-75.68656,45.42377],[-75.68661,45.42374],[-75.68666,45.42372],[-75.68674,45.42368],[-75.68682,45.42364],[-75.68731,45.42341],[-75.68735,45.42339],[-75.6875,45.42332],[-75.68762,45.42326],[-75.68775,45.4232],[-75.68778,45.42319],[-75.68782,45.42317],[-75.6881,45.42305],[-75.68822,45.423],[-75.68866,45.42282],[-75.68925,45.42257],[-75.68993,45.4223],[-75.6903,45.42214],[-75.6905,45.42205],[-75.69128,45.42176],[-75.69148,45.42168],[-75.69181,45.42155],[-75.69207,45.42144],[-75.69266,45.42121],[-75.69272,45.42119],[-75.69288,45.42112],[-75.69304,45.42104]]}},{"type":"Feature","properties":{"id":"vanier","name_en":"Blackburn Hamlet / Gloucester","name_fr":"Blackburn Hamlet / Gloucester","desc_en":"Pathway west past Blair Station, then McArthur Avenue through Vanier","desc_fr":"Sentier vers l’ouest en passant par la station Blair, puis l’avenue McArthur à travers Vanier","color":"#3dcbff","distance_km":17.7,"minutes":66,"carfree_pct":58,"safety":"carfree","stop_minutes":5,"signals":21,"distance_km_home":17.1,"minutes_home":64},"geometry":{"type":"LineString","coordinates":[[-75.69304,45.42104],[-75.69318,45.42098],[-75.69322,45.42096],[-75.69371,45.42076],[-75.69376,45.42074],[-75.69412,45.42059],[-75.69426,45.42053],[-75.69442,45.42047],[-75.69454,45.42041],[-75.69464,45.42037],[-75.69502,45.42021],[-75.6951,45.42018]]}},{"type":"Feature","properties":{"id":"vanier","name_en":"Blackburn Hamlet / Gloucester","name_fr":"Blackburn Hamlet / Gloucester","desc_en":"Pathway west past Blair Station, then McArthur Avenue through Vanier","desc_fr":"Sentier vers l’ouest en passant par la station Blair, puis l’avenue McArthur à travers Vanier","color":"#3dcbff","distance_km":17.7,"minutes":66,"carfree_pct":58,"safety":"road","stop_minutes":5,"signals":21,"distance_km_home":17.1,"minutes_home":64},"geometry":{"type":"LineString","coordinates":[[-75.6951,45.42018],[-75.69519,45.42014],[-75.69581,45.41989],[-75.69591,45.41985],[-75.6963,45.41969],[-75.69697,45.41941],[-75.69693,45.41936],[-75.69692,45.41934],[-75.69691,45.41933]]}}]}